"","SampleID","ID","sequencedescription","database","citation","taxonomicidentification","similarity","specimen_url","specimen_country","specimen_lat","specimen_lon"
"1","DNSC_2014_001A","ANGBF38522-19","COI-5P","BOLD: Public Records","BOLD Systems, 2023","Paracaesio sordida",1,"http://www.boldsystems.org/index.php/Public_RecordView?processid=ANGBF38522-19","Philippines",NA,NA
"2","DNSC_2014_001A","BIFZC176-17","COI-5P","BOLD: Public Records","BOLD Systems, 2023","Paracaesio stonei",0.9982,"http://www.boldsystems.org/index.php/Public_RecordView?processid=BIFZC176-17","Indonesia",-3.68757,128.183
"3","DNSC_2014_001A","PHILA509-13","COI-5P","BOLD: Public Records","BOLD Systems, 2023","Paracaesio kusakarii",0.9817,"http://www.boldsystems.org/index.php/Public_RecordView?processid=PHILA509-13","Philippines",7.019,125.496
"4","DNSC_2014_001A","ZOSKT698-16","COI-5P","BOLD: Public Records","BOLD Systems, 2023","Paracaesio kusakarii",0.981,"http://www.boldsystems.org/index.php/Public_RecordView?processid=ZOSKT698-16","",NA,NA
"5","DNSC_2014_001A","FOAK990-10","COI-5P","BOLD: Public Records","BOLD Systems, 2023","Paracaesio kusakarii",0.9799,"http://www.boldsystems.org/index.php/Public_RecordView?processid=FOAK990-10","Indonesia",-8.75,115.15
"6","DNSC_2014_001A","FOAM619-10","COI-5P","BOLD: Public Records","BOLD Systems, 2023","Paracaesio kusakarii",0.9799,"http://www.boldsystems.org/index.php/Public_RecordView?processid=FOAM619-10","Indonesia",-8.8,116.483
"7","DNSC_2014_001A","FOAM620-10","COI-5P","BOLD: Public Records","BOLD Systems, 2023","Paracaesio kusakarii",0.9799,"http://www.boldsystems.org/index.php/Public_RecordView?processid=FOAM620-10","Indonesia",-8.8,116.483
"8","DNSC_2014_001A","ZOSKT699-16","COI-5P","BOLD: Public Records","BOLD Systems, 2023","Paracaesio caerulea",0.9657,"http://www.boldsystems.org/index.php/Public_RecordView?processid=ZOSKT699-16","",NA,NA
"9","DNSC_2014_001A","ZOSKT700-16","COI-5P","BOLD: Public Records","BOLD Systems, 2023","Paracaesio caerulea",0.9657,"http://www.boldsystems.org/index.php/Public_RecordView?processid=ZOSKT700-16","",NA,NA
"10","DNSC_2014_001A","ZOSKT701-16","COI-5P","BOLD: Public Records","BOLD Systems, 2023","Paracaesio caerulea",0.9657,"http://www.boldsystems.org/index.php/Public_RecordView?processid=ZOSKT701-16","",NA,NA
"11","DNSC_2014_001A","ZOSKT2388-16","COI-5P","BOLD: Public Records","BOLD Systems, 2023","Paracaesio caerulea",0.9657,"http://www.boldsystems.org/index.php/Public_RecordView?processid=ZOSKT2388-16","China",38.0733,104.691
"12","DNSC_2014_001A","ZOSKT2389-16","COI-5P","BOLD: Public Records","BOLD Systems, 2023","Paracaesio caerulea",0.9657,"http://www.boldsystems.org/index.php/Public_RecordView?processid=ZOSKT2389-16","China",38.0733,104.691
"13","DNSC_2014_001A","FTWS644-09","COI-5P","BOLD: Public Records","BOLD Systems, 2023","Paracaesio caerulea",0.9648,"http://www.boldsystems.org/index.php/Public_RecordView?processid=FTWS644-09","Taiwan",NA,NA
"14","DNSC_2014_001A","FOAM618-10","COI-5P","BOLD: Public Records","BOLD Systems, 2023","Paracaesio caerulea",0.9634,"http://www.boldsystems.org/index.php/Public_RecordView?processid=FOAM618-10","Indonesia",-8.8,116.483
"15","DNSC_2014_001A","BIFZC175-17","COI-5P","BOLD: Public Records","BOLD Systems, 2023","Paracaesio gonzalesi",0.9634,"http://www.boldsystems.org/index.php/Public_RecordView?processid=BIFZC175-17","Indonesia",-3.68757,128.183
"16","DNSC_2014_001A","AMS556-08","COI-5P","BOLD: Public Records","BOLD Systems, 2023","Paracaesio gonzalesi",0.956,"http://www.boldsystems.org/index.php/Public_RecordView?processid=AMS556-08","Australia",-31.55,159.083
"17","DNSC_2014_001A","ZOSKT694-16","COI-5P","BOLD: Public Records","BOLD Systems, 2023","Paracaesio xanthura",0.899,"http://www.boldsystems.org/index.php/Public_RecordView?processid=ZOSKT694-16","",NA,NA
"18","DNSC_2014_001A","FOAQ430-21","COI-5P","BOLD: Public Records","BOLD Systems, 2023","Paracaesio cf. xanthura",0.8974,"http://www.boldsystems.org/index.php/Public_RecordView?processid=FOAQ430-21","South Pacific Ocean",-18.2348,147.334
"19","DNSC_2014_001A","FOAQ433-21","COI-5P","BOLD: Public Records","BOLD Systems, 2023","Paracaesio cf. xanthura",0.8974,"http://www.boldsystems.org/index.php/Public_RecordView?processid=FOAQ433-21","South Pacific Ocean",-18.2348,147.334
"20","DNSC_2014_001A","DSLAF379-07","COI-5P","BOLD: Public Records","BOLD Systems, 2023","Paracaesio xanthura",0.8956,"http://www.boldsystems.org/index.php/Public_RecordView?processid=DSLAF379-07","South Africa",-30.333,30.75
"21","DNSC_2014_001A","DSLAG592-10","COI-5P","BOLD: Public Records","BOLD Systems, 2023","Paracaesio xanthura",0.8956,"http://www.boldsystems.org/index.php/Public_RecordView?processid=DSLAG592-10","South Africa",-30.333,30.75
"22","DNSC_2014_001A","TZSAL337-13","COI-5P","BOLD: Public Records","BOLD Systems, 2023","Paracaesio xanthura",0.8956,"http://www.boldsystems.org/index.php/Public_RecordView?processid=TZSAL337-13","South Africa",-30.33,30.75
"23","DNSC_2014_001A","TZSAL603-13","COI-5P","BOLD: Public Records","BOLD Systems, 2023","Paracaesio xanthura",0.8956,"http://www.boldsystems.org/index.php/Public_RecordView?processid=TZSAL603-13","South Africa",-30.33,30.75
"24","DNSC_2014_001A","TZSAL611-13","COI-5P","BOLD: Public Records","BOLD Systems, 2023","Paracaesio xanthura",0.8956,"http://www.boldsystems.org/index.php/Public_RecordView?processid=TZSAL611-13","South Africa",-30.33,30.75
"25","DNSC_2014_001A","FSHMU286-12","COI-5P","BOLD: Public Records","BOLD Systems, 2023","Perciformes",0.8956,"http://www.boldsystems.org/index.php/Public_RecordView?processid=FSHMU286-12","Mauritius",-20.2416,57.7878
"26","DNSC_2014_001A","FOAK939-10","COI-5P","BOLD: Public Records","BOLD Systems, 2023","Paracaesio xanthura",0.8956,"http://www.boldsystems.org/index.php/Public_RecordView?processid=FOAK939-10","Indonesia",-8.8,116.483
"27","DNSC_2014_001A","FOAN518-11","COI-5P","BOLD: Public Records","BOLD Systems, 2023","Paracaesio xanthura",0.8956,"http://www.boldsystems.org/index.php/Public_RecordView?processid=FOAN518-11","Indonesia",-8.75,115.15
"28","DNSC_2014_001A","BIFZC178-17","COI-5P","BOLD: Public Records","BOLD Systems, 2023","Paracaesio xanthura",0.8956,"http://www.boldsystems.org/index.php/Public_RecordView?processid=BIFZC178-17","Indonesia",-3.68757,128.183
"29","DNSC_2014_001A","FOAQ431-21","COI-5P","BOLD: Public Records","BOLD Systems, 2023","Paracaesio cf. xanthura",0.8956,"http://www.boldsystems.org/index.php/Public_RecordView?processid=FOAQ431-21","South Pacific Ocean",-18.2348,147.334
"30","DNSC_2014_001A","FOAQ432-21","COI-5P","BOLD: Public Records","BOLD Systems, 2023","Paracaesio cf. xanthura",0.8956,"http://www.boldsystems.org/index.php/Public_RecordView?processid=FOAQ432-21","South Pacific Ocean",-18.2348,147.334
"31","DNSC_2014_001A","DSLAR297-08","COI-5P","BOLD: Public Records","BOLD Systems, 2023","Paracaesio xanthura",0.895,"http://www.boldsystems.org/index.php/Public_RecordView?processid=DSLAR297-08","South Africa",-30.333,30.75
"32","DNSC_2014_001A","DSFSF512-09","COI-5P","BOLD: Public Records","BOLD Systems, 2023","Paracaesio sordida",0.8946,"http://www.boldsystems.org/index.php/Public_RecordView?processid=DSFSF512-09","Mozambique",-22.843,35.558
"33","DNSC_2014_001A","DSLAR288-08","COI-5P","BOLD: Public Records","BOLD Systems, 2023","Paracaesio xanthura",0.8938,"http://www.boldsystems.org/index.php/Public_RecordView?processid=DSLAR288-08","South Africa",-30.333,30.75
"34","DNSC_2014_001A","DSLAR298-08","COI-5P","BOLD: Public Records","BOLD Systems, 2023","Paracaesio xanthura",0.8938,"http://www.boldsystems.org/index.php/Public_RecordView?processid=DSLAR298-08","South Africa",-30.333,30.75
"35","DNSC_2014_001A","DSLAR292-08","COI-5P","BOLD: Public Records","BOLD Systems, 2023","Paracaesio xanthura",0.8938,"http://www.boldsystems.org/index.php/Public_RecordView?processid=DSLAR292-08","South Africa",-30.333,30.75
"36","DNSC_2014_001A","DSLAR290-08","COI-5P","BOLD: Public Records","BOLD Systems, 2023","Paracaesio xanthura",0.8938,"http://www.boldsystems.org/index.php/Public_RecordView?processid=DSLAR290-08","South Africa",-30.333,30.75
"37","DNSC_2014_001A","DSLAR289-08","COI-5P","BOLD: Public Records","BOLD Systems, 2023","Paracaesio xanthura",0.8938,"http://www.boldsystems.org/index.php/Public_RecordView?processid=DSLAR289-08","South Africa",-30.333,30.75
"38","DNSC_2014_001A","DSLAR293-08","COI-5P","BOLD: Public Records","BOLD Systems, 2023","Paracaesio xanthura",0.8938,"http://www.boldsystems.org/index.php/Public_RecordView?processid=DSLAR293-08","South Africa",-30.333,30.75
"39","DNSC_2014_001A","DSLAR296-08","COI-5P","BOLD: Public Records","BOLD Systems, 2023","Paracaesio xanthura",0.8938,"http://www.boldsystems.org/index.php/Public_RecordView?processid=DSLAR296-08","South Africa",-30.333,30.75
"40","DNSC_2014_001A","DSLAR294-08","COI-5P","BOLD: Public Records","BOLD Systems, 2023","Paracaesio xanthura",0.8938,"http://www.boldsystems.org/index.php/Public_RecordView?processid=DSLAR294-08","South Africa",-30.333,30.75
"41","DNSC_2014_001A","DSLAR300-08","COI-5P","BOLD: Public Records","BOLD Systems, 2023","Paracaesio xanthura",0.8938,"http://www.boldsystems.org/index.php/Public_RecordView?processid=DSLAR300-08","South Africa",-30.333,30.75
"42","DNSC_2014_001A","DSLAR328-08","COI-5P","BOLD: Public Records","BOLD Systems, 2023","Paracaesio xanthura",0.8938,"http://www.boldsystems.org/index.php/Public_RecordView?processid=DSLAR328-08","South Africa",-30.333,30.75
"43","DNSC_2014_001A","DSLAR323-08","COI-5P","BOLD: Public Records","BOLD Systems, 2023","Paracaesio sordida",0.8938,"http://www.boldsystems.org/index.php/Public_RecordView?processid=DSLAR323-08","South Africa",-30.333,30.75
"44","DNSC_2014_001A","DSLAF378-07","COI-5P","BOLD: Public Records","BOLD Systems, 2023","Paracaesio xanthura",0.8938,"http://www.boldsystems.org/index.php/Public_RecordView?processid=DSLAF378-07","South Africa",-30.333,30.75
"45","DNSC_2014_001A","DSLAF382-07","COI-5P","BOLD: Public Records","BOLD Systems, 2023","Paracaesio xanthura",0.8938,"http://www.boldsystems.org/index.php/Public_RecordView?processid=DSLAF382-07","South Africa",-30.333,30.75
"46","DNSC_2014_001A","DSLAF727-08","COI-5P","BOLD: Public Records","BOLD Systems, 2023","Paracaesio xanthura",0.8938,"http://www.boldsystems.org/index.php/Public_RecordView?processid=DSLAF727-08","South Africa",-30.333,30.75
"47","DNSC_2014_001A","DSLAF728-08","COI-5P","BOLD: Public Records","BOLD Systems, 2023","Paracaesio xanthura",0.8938,"http://www.boldsystems.org/index.php/Public_RecordView?processid=DSLAF728-08","South Africa",-30.333,30.75
"48","DNSC_2014_001A","TZSAL106-04","COI-5P","BOLD: Public Records","BOLD Systems, 2023","Paracaesio xanthura",0.8938,"http://www.boldsystems.org/index.php/Public_RecordView?processid=TZSAL106-04","South Africa",-30.333,30.75
"49","DNSC_2014_001A","TZSAN196-06","COI-5P","BOLD: Public Records","BOLD Systems, 2023","Paracaesio xanthura",0.8938,"http://www.boldsystems.org/index.php/Public_RecordView?processid=TZSAN196-06","South Africa",-30.333,30.75
"50","DNSC_2014_001A","TZSAN198-06","COI-5P","BOLD: Public Records","BOLD Systems, 2023","Paracaesio xanthura",0.8938,"http://www.boldsystems.org/index.php/Public_RecordView?processid=TZSAN198-06","South Africa",-30.333,30.75
"51","DNSC_2014_001A","TZSAN197-06","COI-5P","BOLD: Public Records","BOLD Systems, 2023","Paracaesio xanthura",0.8938,"http://www.boldsystems.org/index.php/Public_RecordView?processid=TZSAN197-06","South Africa",-30.333,30.75
"52","DNSC_2014_001A","DSLAF726-08","COI-5P","BOLD: Public Records","BOLD Systems, 2023","Paracaesio xanthura",0.8938,"http://www.boldsystems.org/index.php/Public_RecordView?processid=DSLAF726-08","South Africa",-30.333,30.75
"53","DNSC_2014_001A","DSLAG043-10","COI-5P","BOLD: Public Records","BOLD Systems, 2023","Paracaesio xanthura",0.8938,"http://www.boldsystems.org/index.php/Public_RecordView?processid=DSLAG043-10","South Africa",-30.431,30.851
"54","DNSC_2014_001A","DSLAG042-10","COI-5P","BOLD: Public Records","BOLD Systems, 2023","Paracaesio xanthura",0.8938,"http://www.boldsystems.org/index.php/Public_RecordView?processid=DSLAG042-10","South Africa",-30.431,30.851
"55","DNSC_2014_001A","DSLAG041-10","COI-5P","BOLD: Public Records","BOLD Systems, 2023","Paracaesio xanthura",0.8938,"http://www.boldsystems.org/index.php/Public_RecordView?processid=DSLAG041-10","South Africa",-30.431,30.851
"56","DNSC_2014_001A","DSLAG035-10","COI-5P","BOLD: Public Records","BOLD Systems, 2023","Paracaesio xanthura",0.8938,"http://www.boldsystems.org/index.php/Public_RecordView?processid=DSLAG035-10","South Africa",-30.333,30.75
"57","DNSC_2014_001A","DSLAG015-10","COI-5P","BOLD: Public Records","BOLD Systems, 2023","Paracaesio xanthura",0.8938,"http://www.boldsystems.org/index.php/Public_RecordView?processid=DSLAG015-10","South Africa",-30.333,30.75
"58","DNSC_2014_001A","DSLAG591-10","COI-5P","BOLD: Public Records","BOLD Systems, 2023","Paracaesio xanthura",0.8938,"http://www.boldsystems.org/index.php/Public_RecordView?processid=DSLAG591-10","South Africa",-30.333,30.75
"59","DNSC_2014_001A","DSLAG589-10","COI-5P","BOLD: Public Records","BOLD Systems, 2023","Paracaesio xanthura",0.8938,"http://www.boldsystems.org/index.php/Public_RecordView?processid=DSLAG589-10","South Africa",-30.333,30.75
"60","DNSC_2014_001A","DSLAG719-10","COI-5P","BOLD: Public Records","BOLD Systems, 2023","Paracaesio xanthura",0.8938,"http://www.boldsystems.org/index.php/Public_RecordView?processid=DSLAG719-10","South Africa",-30.431,30.851
"61","DNSC_2014_001A","DSLAG690-10","COI-5P","BOLD: Public Records","BOLD Systems, 2023","Paracaesio xanthura",0.8938,"http://www.boldsystems.org/index.php/Public_RecordView?processid=DSLAG690-10","South Africa",-30.333,30.75
"62","DNSC_2014_001A","DSLAG689-10","COI-5P","BOLD: Public Records","BOLD Systems, 2023","Paracaesio xanthura",0.8938,"http://www.boldsystems.org/index.php/Public_RecordView?processid=DSLAG689-10","South Africa",-30.333,30.75
"63","DNSC_2014_001A","DSLAG688-10","COI-5P","BOLD: Public Records","BOLD Systems, 2023","Paracaesio xanthura",0.8938,"http://www.boldsystems.org/index.php/Public_RecordView?processid=DSLAG688-10","South Africa",-30.333,30.75
"64","DNSC_2014_001A","DSLAG075-10","COI-5P","BOLD: Public Records","BOLD Systems, 2023","Paracaesio xanthura",0.8938,"http://www.boldsystems.org/index.php/Public_RecordView?processid=DSLAG075-10","South Africa",-30.333,30.75
"65","DNSC_2014_001A","DSLAG074-10","COI-5P","BOLD: Public Records","BOLD Systems, 2023","Paracaesio xanthura",0.8938,"http://www.boldsystems.org/index.php/Public_RecordView?processid=DSLAG074-10","South Africa",-30.333,30.75
"66","DNSC_2014_001A","DSLAG059-10","COI-5P","BOLD: Public Records","BOLD Systems, 2023","Paracaesio xanthura",0.8938,"http://www.boldsystems.org/index.php/Public_RecordView?processid=DSLAG059-10","South Africa",-30.431,30.851
"67","DNSC_2014_001A","DSLAG1378-11","COI-5P","BOLD: Public Records","BOLD Systems, 2023","Paracaesio xanthura",0.8938,"http://www.boldsystems.org/index.php/Public_RecordView?processid=DSLAG1378-11","South Africa",-29.867,31.05
"68","DNSC_2014_001A","DSLAG1379-11","COI-5P","BOLD: Public Records","BOLD Systems, 2023","Paracaesio xanthura",0.8938,"http://www.boldsystems.org/index.php/Public_RecordView?processid=DSLAG1379-11","South Africa",-29.867,31.05
"69","DNSC_2014_001A","DSLAG1380-11","COI-5P","BOLD: Public Records","BOLD Systems, 2023","Paracaesio xanthura",0.8938,"http://www.boldsystems.org/index.php/Public_RecordView?processid=DSLAG1380-11","South Africa",-29.867,31.05
"70","DNSC_2014_001A","DSLAG1381-11","COI-5P","BOLD: Public Records","BOLD Systems, 2023","Paracaesio xanthura",0.8938,"http://www.boldsystems.org/index.php/Public_RecordView?processid=DSLAG1381-11","South Africa",-29.867,31.05
"71","DNSC_2014_001A","DSLAG1382-11","COI-5P","BOLD: Public Records","BOLD Systems, 2023","Paracaesio xanthura",0.8938,"http://www.boldsystems.org/index.php/Public_RecordView?processid=DSLAG1382-11","South Africa",-29.867,31.05
"72","DNSC_2014_001A","DSLAG1385-11","COI-5P","BOLD: Public Records","BOLD Systems, 2023","Paracaesio xanthura",0.8938,"http://www.boldsystems.org/index.php/Public_RecordView?processid=DSLAG1385-11","South Africa",-29.867,31.05
"73","DNSC_2014_001A","DSLAG1386-11","COI-5P","BOLD: Public Records","BOLD Systems, 2023","Paracaesio xanthura",0.8938,"http://www.boldsystems.org/index.php/Public_RecordView?processid=DSLAG1386-11","South Africa",-29.867,31.05
"74","DNSC_2014_001A","DSLAG1387-11","COI-5P","BOLD: Public Records","BOLD Systems, 2023","Paracaesio xanthura",0.8938,"http://www.boldsystems.org/index.php/Public_RecordView?processid=DSLAG1387-11","South Africa",-29.867,31.05
"75","DNSC_2014_001A","DSLAG1388-11","COI-5P","BOLD: Public Records","BOLD Systems, 2023","Paracaesio xanthura",0.8938,"http://www.boldsystems.org/index.php/Public_RecordView?processid=DSLAG1388-11","South Africa",-29.867,31.05
"76","DNSC_2014_001A","DSLAG1395-11","COI-5P","BOLD: Public Records","BOLD Systems, 2023","Paracaesio xanthura",0.8938,"http://www.boldsystems.org/index.php/Public_RecordView?processid=DSLAG1395-11","South Africa",-29.867,31.05
"77","DNSC_2014_001A","DSLAG1396-11","COI-5P","BOLD: Public Records","BOLD Systems, 2023","Paracaesio xanthura",0.8938,"http://www.boldsystems.org/index.php/Public_RecordView?processid=DSLAG1396-11","South Africa",-29.867,31.05
"78","DNSC_2014_001A","DSLAG1397-11","COI-5P","BOLD: Public Records","BOLD Systems, 2023","Paracaesio xanthura",0.8938,"http://www.boldsystems.org/index.php/Public_RecordView?processid=DSLAG1397-11","South Africa",-29.867,31.05
"79","DNSC_2014_001A","DSLAG1403-11","COI-5P","BOLD: Public Records","BOLD Systems, 2023","Paracaesio xanthura",0.8938,"http://www.boldsystems.org/index.php/Public_RecordView?processid=DSLAG1403-11","South Africa",-29.867,31.05
"80","DNSC_2014_001A","DSLAG1404-11","COI-5P","BOLD: Public Records","BOLD Systems, 2023","Paracaesio xanthura",0.8938,"http://www.boldsystems.org/index.php/Public_RecordView?processid=DSLAG1404-11","South Africa",-29.867,31.05
"81","DNSC_2014_001A","DSLAG1405-11","COI-5P","BOLD: Public Records","BOLD Systems, 2023","Paracaesio xanthura",0.8938,"http://www.boldsystems.org/index.php/Public_RecordView?processid=DSLAG1405-11","South Africa",-29.867,31.05
"82","DNSC_2014_001A","DSLAG1406-11","COI-5P","BOLD: Public Records","BOLD Systems, 2023","Paracaesio xanthura",0.8938,"http://www.boldsystems.org/index.php/Public_RecordView?processid=DSLAG1406-11","South Africa",-29.867,31.05
"83","DNSC_2014_001A","DSLAG1407-11","COI-5P","BOLD: Public Records","BOLD Systems, 2023","Paracaesio xanthura",0.8938,"http://www.boldsystems.org/index.php/Public_RecordView?processid=DSLAG1407-11","South Africa",-29.867,31.05
"84","DNSC_2014_001A","DSLAG1223-11","COI-5P","BOLD: Public Records","BOLD Systems, 2023","Paracaesio xanthura",0.8938,"http://www.boldsystems.org/index.php/Public_RecordView?processid=DSLAG1223-11","South Africa",-29.867,31.05
"85","DNSC_2014_001A","DSLAG1224-11","COI-5P","BOLD: Public Records","BOLD Systems, 2023","Paracaesio xanthura",0.8938,"http://www.boldsystems.org/index.php/Public_RecordView?processid=DSLAG1224-11","South Africa",-29.867,31.05
"86","DNSC_2014_001A","TZSAL338-13","COI-5P","BOLD: Public Records","BOLD Systems, 2023","Paracaesio xanthura",0.8938,"http://www.boldsystems.org/index.php/Public_RecordView?processid=TZSAL338-13","South Africa",-30.33,30.75
"87","DNSC_2014_001A","TZSAL416-13","COI-5P","BOLD: Public Records","BOLD Systems, 2023","Paracaesio xanthura",0.8938,"http://www.boldsystems.org/index.php/Public_RecordView?processid=TZSAL416-13","South Africa",-30.33,30.75
"88","DNSC_2014_001A","TZSAL473-13","COI-5P","BOLD: Public Records","BOLD Systems, 2023","Paracaesio xanthura",0.8938,"http://www.boldsystems.org/index.php/Public_RecordView?processid=TZSAL473-13","South Africa",-30.33,30.75
"89","DNSC_2014_001A","TZSAL474-13","COI-5P","BOLD: Public Records","BOLD Systems, 2023","Paracaesio xanthura",0.8938,"http://www.boldsystems.org/index.php/Public_RecordView?processid=TZSAL474-13","South Africa",-30.33,30.75
"90","DNSC_2014_001A","TZSAL604-13","COI-5P","BOLD: Public Records","BOLD Systems, 2023","Paracaesio xanthura",0.8938,"http://www.boldsystems.org/index.php/Public_RecordView?processid=TZSAL604-13","South Africa",-30.33,30.75
"91","DNSC_2014_001A","TZSAL610-13","COI-5P","BOLD: Public Records","BOLD Systems, 2023","Paracaesio xanthura",0.8938,"http://www.boldsystems.org/index.php/Public_RecordView?processid=TZSAL610-13","South Africa",-30.33,30.75
"92","DNSC_2014_001A","TZSAL612-13","COI-5P","BOLD: Public Records","BOLD Systems, 2023","Paracaesio xanthura",0.8938,"http://www.boldsystems.org/index.php/Public_RecordView?processid=TZSAL612-13","South Africa",-30.33,30.75
"93","DNSC_2014_001A","TZSAL613-13","COI-5P","BOLD: Public Records","BOLD Systems, 2023","Paracaesio xanthura",0.8938,"http://www.boldsystems.org/index.php/Public_RecordView?processid=TZSAL613-13","South Africa",-30.33,30.75
"94","DNSC_2014_001A","TZSAL617-13","COI-5P","BOLD: Public Records","BOLD Systems, 2023","Paracaesio xanthura",0.8938,"http://www.boldsystems.org/index.php/Public_RecordView?processid=TZSAL617-13","South Africa",-30.33,30.75
"95","DNSC_2014_001A","TZSAL619-13","COI-5P","BOLD: Public Records","BOLD Systems, 2023","Paracaesio xanthura",0.8938,"http://www.boldsystems.org/index.php/Public_RecordView?processid=TZSAL619-13","South Africa",-30.33,30.75
"96","DNSC_2014_001A","TZSAL620-13","COI-5P","BOLD: Public Records","BOLD Systems, 2023","Paracaesio xanthura",0.8938,"http://www.boldsystems.org/index.php/Public_RecordView?processid=TZSAL620-13","South Africa",-30.33,30.75
"97","DNSC_2014_001A","TZSAL682-13","COI-5P","BOLD: Public Records","BOLD Systems, 2023","Paracaesio xanthura",0.8938,"http://www.boldsystems.org/index.php/Public_RecordView?processid=TZSAL682-13","South Africa",-30.33,30.75
"98","DNSC_2014_001A","TZSAL689-13","COI-5P","BOLD: Public Records","BOLD Systems, 2023","Paracaesio xanthura",0.8938,"http://www.boldsystems.org/index.php/Public_RecordView?processid=TZSAL689-13","South Africa",-30.33,30.75
"99","FDP_GOVG_2208_002A","FOAQ430-21","COI-5P","BOLD: Public Records","BOLD Systems, 2023","Paracaesio cf. xanthura",1,"http://www.boldsystems.org/index.php/Public_RecordView?processid=FOAQ430-21","South Pacific Ocean",-18.2348,147.334
"100","FDP_GOVG_2208_002A","FOAQ433-21","COI-5P","BOLD: Public Records","BOLD Systems, 2023","Paracaesio cf. xanthura",1,"http://www.boldsystems.org/index.php/Public_RecordView?processid=FOAQ433-21","South Pacific Ocean",-18.2348,147.334
"101","FDP_GOVG_2208_002A","FOAK939-10","COI-5P","BOLD: Public Records","BOLD Systems, 2023","Paracaesio xanthura",0.9982,"http://www.boldsystems.org/index.php/Public_RecordView?processid=FOAK939-10","Indonesia",-8.8,116.483
"102","FDP_GOVG_2208_002A","FOAN518-11","COI-5P","BOLD: Public Records","BOLD Systems, 2023","Paracaesio xanthura",0.9982,"http://www.boldsystems.org/index.php/Public_RecordView?processid=FOAN518-11","Indonesia",-8.75,115.15
"103","FDP_GOVG_2208_002A","BIFZC178-17","COI-5P","BOLD: Public Records","BOLD Systems, 2023","Paracaesio xanthura",0.9982,"http://www.boldsystems.org/index.php/Public_RecordView?processid=BIFZC178-17","Indonesia",-3.68757,128.183
"104","FDP_GOVG_2208_002A","FOAQ432-21","COI-5P","BOLD: Public Records","BOLD Systems, 2023","Paracaesio cf. xanthura",0.9982,"http://www.boldsystems.org/index.php/Public_RecordView?processid=FOAQ432-21","South Pacific Ocean",-18.2348,147.334
"105","FDP_GOVG_2208_002A","ZOSKT694-16","COI-5P","BOLD: Public Records","BOLD Systems, 2023","Paracaesio xanthura",0.9981,"http://www.boldsystems.org/index.php/Public_RecordView?processid=ZOSKT694-16","",NA,NA
"106","FDP_GOVG_2208_002A","DSLAR288-08","COI-5P","BOLD: Public Records","BOLD Systems, 2023","Paracaesio xanthura",0.9964,"http://www.boldsystems.org/index.php/Public_RecordView?processid=DSLAR288-08","South Africa",-30.333,30.75
"107","FDP_GOVG_2208_002A","DSLAR298-08","COI-5P","BOLD: Public Records","BOLD Systems, 2023","Paracaesio xanthura",0.9964,"http://www.boldsystems.org/index.php/Public_RecordView?processid=DSLAR298-08","South Africa",-30.333,30.75
"108","FDP_GOVG_2208_002A","DSLAR292-08","COI-5P","BOLD: Public Records","BOLD Systems, 2023","Paracaesio xanthura",0.9964,"http://www.boldsystems.org/index.php/Public_RecordView?processid=DSLAR292-08","South Africa",-30.333,30.75
"109","FDP_GOVG_2208_002A","DSLAR290-08","COI-5P","BOLD: Public Records","BOLD Systems, 2023","Paracaesio xanthura",0.9964,"http://www.boldsystems.org/index.php/Public_RecordView?processid=DSLAR290-08","South Africa",-30.333,30.75
"110","FDP_GOVG_2208_002A","DSLAR289-08","COI-5P","BOLD: Public Records","BOLD Systems, 2023","Paracaesio xanthura",0.9964,"http://www.boldsystems.org/index.php/Public_RecordView?processid=DSLAR289-08","South Africa",-30.333,30.75
"111","FDP_GOVG_2208_002A","DSLAR293-08","COI-5P","BOLD: Public Records","BOLD Systems, 2023","Paracaesio xanthura",0.9964,"http://www.boldsystems.org/index.php/Public_RecordView?processid=DSLAR293-08","South Africa",-30.333,30.75
"112","FDP_GOVG_2208_002A","DSLAR296-08","COI-5P","BOLD: Public Records","BOLD Systems, 2023","Paracaesio xanthura",0.9964,"http://www.boldsystems.org/index.php/Public_RecordView?processid=DSLAR296-08","South Africa",-30.333,30.75
"113","FDP_GOVG_2208_002A","DSLAR294-08","COI-5P","BOLD: Public Records","BOLD Systems, 2023","Paracaesio xanthura",0.9964,"http://www.boldsystems.org/index.php/Public_RecordView?processid=DSLAR294-08","South Africa",-30.333,30.75
"114","FDP_GOVG_2208_002A","DSLAR300-08","COI-5P","BOLD: Public Records","BOLD Systems, 2023","Paracaesio xanthura",0.9964,"http://www.boldsystems.org/index.php/Public_RecordView?processid=DSLAR300-08","South Africa",-30.333,30.75
"115","FDP_GOVG_2208_002A","DSLAR328-08","COI-5P","BOLD: Public Records","BOLD Systems, 2023","Paracaesio xanthura",0.9964,"http://www.boldsystems.org/index.php/Public_RecordView?processid=DSLAR328-08","South Africa",-30.333,30.75
"116","FDP_GOVG_2208_002A","DSLAF378-07","COI-5P","BOLD: Public Records","BOLD Systems, 2023","Paracaesio xanthura",0.9964,"http://www.boldsystems.org/index.php/Public_RecordView?processid=DSLAF378-07","South Africa",-30.333,30.75
"117","FDP_GOVG_2208_002A","DSLAF382-07","COI-5P","BOLD: Public Records","BOLD Systems, 2023","Paracaesio xanthura",0.9964,"http://www.boldsystems.org/index.php/Public_RecordView?processid=DSLAF382-07","South Africa",-30.333,30.75
"118","FDP_GOVG_2208_002A","DSLAF727-08","COI-5P","BOLD: Public Records","BOLD Systems, 2023","Paracaesio xanthura",0.9964,"http://www.boldsystems.org/index.php/Public_RecordView?processid=DSLAF727-08","South Africa",-30.333,30.75
"119","FDP_GOVG_2208_002A","DSLAF728-08","COI-5P","BOLD: Public Records","BOLD Systems, 2023","Paracaesio xanthura",0.9964,"http://www.boldsystems.org/index.php/Public_RecordView?processid=DSLAF728-08","South Africa",-30.333,30.75
"120","FDP_GOVG_2208_002A","TZSAL106-04","COI-5P","BOLD: Public Records","BOLD Systems, 2023","Paracaesio xanthura",0.9964,"http://www.boldsystems.org/index.php/Public_RecordView?processid=TZSAL106-04","South Africa",-30.333,30.75
"121","FDP_GOVG_2208_002A","TZSAN196-06","COI-5P","BOLD: Public Records","BOLD Systems, 2023","Paracaesio xanthura",0.9964,"http://www.boldsystems.org/index.php/Public_RecordView?processid=TZSAN196-06","South Africa",-30.333,30.75
"122","FDP_GOVG_2208_002A","TZSAN198-06","COI-5P","BOLD: Public Records","BOLD Systems, 2023","Paracaesio xanthura",0.9964,"http://www.boldsystems.org/index.php/Public_RecordView?processid=TZSAN198-06","South Africa",-30.333,30.75
"123","FDP_GOVG_2208_002A","TZSAN197-06","COI-5P","BOLD: Public Records","BOLD Systems, 2023","Paracaesio xanthura",0.9964,"http://www.boldsystems.org/index.php/Public_RecordView?processid=TZSAN197-06","South Africa",-30.333,30.75
"124","FDP_GOVG_2208_002A","DSLAF726-08","COI-5P","BOLD: Public Records","BOLD Systems, 2023","Paracaesio xanthura",0.9964,"http://www.boldsystems.org/index.php/Public_RecordView?processid=DSLAF726-08","South Africa",-30.333,30.75
"125","FDP_GOVG_2208_002A","DSLAG043-10","COI-5P","BOLD: Public Records","BOLD Systems, 2023","Paracaesio xanthura",0.9964,"http://www.boldsystems.org/index.php/Public_RecordView?processid=DSLAG043-10","South Africa",-30.431,30.851
"126","FDP_GOVG_2208_002A","DSLAG042-10","COI-5P","BOLD: Public Records","BOLD Systems, 2023","Paracaesio xanthura",0.9964,"http://www.boldsystems.org/index.php/Public_RecordView?processid=DSLAG042-10","South Africa",-30.431,30.851
"127","FDP_GOVG_2208_002A","DSLAG041-10","COI-5P","BOLD: Public Records","BOLD Systems, 2023","Paracaesio xanthura",0.9964,"http://www.boldsystems.org/index.php/Public_RecordView?processid=DSLAG041-10","South Africa",-30.431,30.851
"128","FDP_GOVG_2208_002A","DSLAG035-10","COI-5P","BOLD: Public Records","BOLD Systems, 2023","Paracaesio xanthura",0.9964,"http://www.boldsystems.org/index.php/Public_RecordView?processid=DSLAG035-10","South Africa",-30.333,30.75
"129","FDP_GOVG_2208_002A","DSLAG015-10","COI-5P","BOLD: Public Records","BOLD Systems, 2023","Paracaesio xanthura",0.9964,"http://www.boldsystems.org/index.php/Public_RecordView?processid=DSLAG015-10","South Africa",-30.333,30.75
"130","FDP_GOVG_2208_002A","DSLAG591-10","COI-5P","BOLD: Public Records","BOLD Systems, 2023","Paracaesio xanthura",0.9964,"http://www.boldsystems.org/index.php/Public_RecordView?processid=DSLAG591-10","South Africa",-30.333,30.75
"131","FDP_GOVG_2208_002A","DSLAG589-10","COI-5P","BOLD: Public Records","BOLD Systems, 2023","Paracaesio xanthura",0.9964,"http://www.boldsystems.org/index.php/Public_RecordView?processid=DSLAG589-10","South Africa",-30.333,30.75
"132","FDP_GOVG_2208_002A","DSLAG719-10","COI-5P","BOLD: Public Records","BOLD Systems, 2023","Paracaesio xanthura",0.9964,"http://www.boldsystems.org/index.php/Public_RecordView?processid=DSLAG719-10","South Africa",-30.431,30.851
"133","FDP_GOVG_2208_002A","DSLAG690-10","COI-5P","BOLD: Public Records","BOLD Systems, 2023","Paracaesio xanthura",0.9964,"http://www.boldsystems.org/index.php/Public_RecordView?processid=DSLAG690-10","South Africa",-30.333,30.75
"134","FDP_GOVG_2208_002A","DSLAG689-10","COI-5P","BOLD: Public Records","BOLD Systems, 2023","Paracaesio xanthura",0.9964,"http://www.boldsystems.org/index.php/Public_RecordView?processid=DSLAG689-10","South Africa",-30.333,30.75
"135","FDP_GOVG_2208_002A","DSLAG688-10","COI-5P","BOLD: Public Records","BOLD Systems, 2023","Paracaesio xanthura",0.9964,"http://www.boldsystems.org/index.php/Public_RecordView?processid=DSLAG688-10","South Africa",-30.333,30.75
"136","FDP_GOVG_2208_002A","DSLAG075-10","COI-5P","BOLD: Public Records","BOLD Systems, 2023","Paracaesio xanthura",0.9964,"http://www.boldsystems.org/index.php/Public_RecordView?processid=DSLAG075-10","South Africa",-30.333,30.75
"137","FDP_GOVG_2208_002A","DSLAG074-10","COI-5P","BOLD: Public Records","BOLD Systems, 2023","Paracaesio xanthura",0.9964,"http://www.boldsystems.org/index.php/Public_RecordView?processid=DSLAG074-10","South Africa",-30.333,30.75
"138","FDP_GOVG_2208_002A","DSLAG059-10","COI-5P","BOLD: Public Records","BOLD Systems, 2023","Paracaesio xanthura",0.9964,"http://www.boldsystems.org/index.php/Public_RecordView?processid=DSLAG059-10","South Africa",-30.431,30.851
"139","FDP_GOVG_2208_002A","DSLAG1378-11","COI-5P","BOLD: Public Records","BOLD Systems, 2023","Paracaesio xanthura",0.9964,"http://www.boldsystems.org/index.php/Public_RecordView?processid=DSLAG1378-11","South Africa",-29.867,31.05
"140","FDP_GOVG_2208_002A","DSLAG1379-11","COI-5P","BOLD: Public Records","BOLD Systems, 2023","Paracaesio xanthura",0.9964,"http://www.boldsystems.org/index.php/Public_RecordView?processid=DSLAG1379-11","South Africa",-29.867,31.05
"141","FDP_GOVG_2208_002A","DSLAG1380-11","COI-5P","BOLD: Public Records","BOLD Systems, 2023","Paracaesio xanthura",0.9964,"http://www.boldsystems.org/index.php/Public_RecordView?processid=DSLAG1380-11","South Africa",-29.867,31.05
"142","FDP_GOVG_2208_002A","DSLAG1381-11","COI-5P","BOLD: Public Records","BOLD Systems, 2023","Paracaesio xanthura",0.9964,"http://www.boldsystems.org/index.php/Public_RecordView?processid=DSLAG1381-11","South Africa",-29.867,31.05
"143","FDP_GOVG_2208_002A","DSLAG1382-11","COI-5P","BOLD: Public Records","BOLD Systems, 2023","Paracaesio xanthura",0.9964,"http://www.boldsystems.org/index.php/Public_RecordView?processid=DSLAG1382-11","South Africa",-29.867,31.05
"144","FDP_GOVG_2208_002A","DSLAG1385-11","COI-5P","BOLD: Public Records","BOLD Systems, 2023","Paracaesio xanthura",0.9964,"http://www.boldsystems.org/index.php/Public_RecordView?processid=DSLAG1385-11","South Africa",-29.867,31.05
"145","FDP_GOVG_2208_002A","DSLAG1386-11","COI-5P","BOLD: Public Records","BOLD Systems, 2023","Paracaesio xanthura",0.9964,"http://www.boldsystems.org/index.php/Public_RecordView?processid=DSLAG1386-11","South Africa",-29.867,31.05
"146","FDP_GOVG_2208_002A","DSLAG1387-11","COI-5P","BOLD: Public Records","BOLD Systems, 2023","Paracaesio xanthura",0.9964,"http://www.boldsystems.org/index.php/Public_RecordView?processid=DSLAG1387-11","South Africa",-29.867,31.05
"147","FDP_GOVG_2208_002A","DSLAG1388-11","COI-5P","BOLD: Public Records","BOLD Systems, 2023","Paracaesio xanthura",0.9964,"http://www.boldsystems.org/index.php/Public_RecordView?processid=DSLAG1388-11","South Africa",-29.867,31.05
"148","FDP_GOVG_2208_002A","DSLAG1395-11","COI-5P","BOLD: Public Records","BOLD Systems, 2023","Paracaesio xanthura",0.9964,"http://www.boldsystems.org/index.php/Public_RecordView?processid=DSLAG1395-11","South Africa",-29.867,31.05
"149","FDP_GOVG_2208_002A","DSLAG1396-11","COI-5P","BOLD: Public Records","BOLD Systems, 2023","Paracaesio xanthura",0.9964,"http://www.boldsystems.org/index.php/Public_RecordView?processid=DSLAG1396-11","South Africa",-29.867,31.05
"150","FDP_GOVG_2208_002A","DSLAG1397-11","COI-5P","BOLD: Public Records","BOLD Systems, 2023","Paracaesio xanthura",0.9964,"http://www.boldsystems.org/index.php/Public_RecordView?processid=DSLAG1397-11","South Africa",-29.867,31.05
"151","FDP_GOVG_2208_002A","DSLAG1403-11","COI-5P","BOLD: Public Records","BOLD Systems, 2023","Paracaesio xanthura",0.9964,"http://www.boldsystems.org/index.php/Public_RecordView?processid=DSLAG1403-11","South Africa",-29.867,31.05
"152","FDP_GOVG_2208_002A","DSLAG1404-11","COI-5P","BOLD: Public Records","BOLD Systems, 2023","Paracaesio xanthura",0.9964,"http://www.boldsystems.org/index.php/Public_RecordView?processid=DSLAG1404-11","South Africa",-29.867,31.05
"153","FDP_GOVG_2208_002A","DSLAG1405-11","COI-5P","BOLD: Public Records","BOLD Systems, 2023","Paracaesio xanthura",0.9964,"http://www.boldsystems.org/index.php/Public_RecordView?processid=DSLAG1405-11","South Africa",-29.867,31.05
"154","FDP_GOVG_2208_002A","DSLAG1406-11","COI-5P","BOLD: Public Records","BOLD Systems, 2023","Paracaesio xanthura",0.9964,"http://www.boldsystems.org/index.php/Public_RecordView?processid=DSLAG1406-11","South Africa",-29.867,31.05
"155","FDP_GOVG_2208_002A","DSLAG1407-11","COI-5P","BOLD: Public Records","BOLD Systems, 2023","Paracaesio xanthura",0.9964,"http://www.boldsystems.org/index.php/Public_RecordView?processid=DSLAG1407-11","South Africa",-29.867,31.05
"156","FDP_GOVG_2208_002A","DSLAG1223-11","COI-5P","BOLD: Public Records","BOLD Systems, 2023","Paracaesio xanthura",0.9964,"http://www.boldsystems.org/index.php/Public_RecordView?processid=DSLAG1223-11","South Africa",-29.867,31.05
"157","FDP_GOVG_2208_002A","DSLAG1224-11","COI-5P","BOLD: Public Records","BOLD Systems, 2023","Paracaesio xanthura",0.9964,"http://www.boldsystems.org/index.php/Public_RecordView?processid=DSLAG1224-11","South Africa",-29.867,31.05
"158","FDP_GOVG_2208_002A","TZSAL338-13","COI-5P","BOLD: Public Records","BOLD Systems, 2023","Paracaesio xanthura",0.9964,"http://www.boldsystems.org/index.php/Public_RecordView?processid=TZSAL338-13","South Africa",-30.33,30.75
"159","FDP_GOVG_2208_002A","TZSAL416-13","COI-5P","BOLD: Public Records","BOLD Systems, 2023","Paracaesio xanthura",0.9964,"http://www.boldsystems.org/index.php/Public_RecordView?processid=TZSAL416-13","South Africa",-30.33,30.75
"160","FDP_GOVG_2208_002A","TZSAL473-13","COI-5P","BOLD: Public Records","BOLD Systems, 2023","Paracaesio xanthura",0.9964,"http://www.boldsystems.org/index.php/Public_RecordView?processid=TZSAL473-13","South Africa",-30.33,30.75
"161","FDP_GOVG_2208_002A","TZSAL474-13","COI-5P","BOLD: Public Records","BOLD Systems, 2023","Paracaesio xanthura",0.9964,"http://www.boldsystems.org/index.php/Public_RecordView?processid=TZSAL474-13","South Africa",-30.33,30.75
"162","FDP_GOVG_2208_002A","TZSAL604-13","COI-5P","BOLD: Public Records","BOLD Systems, 2023","Paracaesio xanthura",0.9964,"http://www.boldsystems.org/index.php/Public_RecordView?processid=TZSAL604-13","South Africa",-30.33,30.75
"163","FDP_GOVG_2208_002A","TZSAL610-13","COI-5P","BOLD: Public Records","BOLD Systems, 2023","Paracaesio xanthura",0.9964,"http://www.boldsystems.org/index.php/Public_RecordView?processid=TZSAL610-13","South Africa",-30.33,30.75
"164","FDP_GOVG_2208_002A","TZSAL612-13","COI-5P","BOLD: Public Records","BOLD Systems, 2023","Paracaesio xanthura",0.9964,"http://www.boldsystems.org/index.php/Public_RecordView?processid=TZSAL612-13","South Africa",-30.33,30.75
"165","FDP_GOVG_2208_002A","TZSAL613-13","COI-5P","BOLD: Public Records","BOLD Systems, 2023","Paracaesio xanthura",0.9964,"http://www.boldsystems.org/index.php/Public_RecordView?processid=TZSAL613-13","South Africa",-30.33,30.75
"166","FDP_GOVG_2208_002A","TZSAL617-13","COI-5P","BOLD: Public Records","BOLD Systems, 2023","Paracaesio xanthura",0.9964,"http://www.boldsystems.org/index.php/Public_RecordView?processid=TZSAL617-13","South Africa",-30.33,30.75
"167","FDP_GOVG_2208_002A","TZSAL619-13","COI-5P","BOLD: Public Records","BOLD Systems, 2023","Paracaesio xanthura",0.9964,"http://www.boldsystems.org/index.php/Public_RecordView?processid=TZSAL619-13","South Africa",-30.33,30.75
"168","FDP_GOVG_2208_002A","TZSAL620-13","COI-5P","BOLD: Public Records","BOLD Systems, 2023","Paracaesio xanthura",0.9964,"http://www.boldsystems.org/index.php/Public_RecordView?processid=TZSAL620-13","South Africa",-30.33,30.75
"169","FDP_GOVG_2208_002A","TZSAL682-13","COI-5P","BOLD: Public Records","BOLD Systems, 2023","Paracaesio xanthura",0.9964,"http://www.boldsystems.org/index.php/Public_RecordView?processid=TZSAL682-13","South Africa",-30.33,30.75
"170","FDP_GOVG_2208_002A","TZSAL689-13","COI-5P","BOLD: Public Records","BOLD Systems, 2023","Paracaesio xanthura",0.9964,"http://www.boldsystems.org/index.php/Public_RecordView?processid=TZSAL689-13","South Africa",-30.33,30.75
"171","FDP_GOVG_2208_002A","TZSAL690-13","COI-5P","BOLD: Public Records","BOLD Systems, 2023","Paracaesio xanthura",0.9964,"http://www.boldsystems.org/index.php/Public_RecordView?processid=TZSAL690-13","South Africa",-30.33,30.75
"172","FDP_GOVG_2208_002A","TZSAL691-13","COI-5P","BOLD: Public Records","BOLD Systems, 2023","Paracaesio xanthura",0.9964,"http://www.boldsystems.org/index.php/Public_RecordView?processid=TZSAL691-13","South Africa",-30.33,30.75
"173","FDP_GOVG_2208_002A","TZSAL692-13","COI-5P","BOLD: Public Records","BOLD Systems, 2023","Paracaesio xanthura",0.9964,"http://www.boldsystems.org/index.php/Public_RecordView?processid=TZSAL692-13","South Africa",-30.33,30.75
"174","FDP_GOVG_2208_002A","DSFSE374-08","COI-5P","BOLD: Public Records","BOLD Systems, 2023","Paracaesio xanthura",0.9964,"http://www.boldsystems.org/index.php/Public_RecordView?processid=DSFSE374-08","South Africa",-30.333,30.75
"175","FDP_GOVG_2208_002A","DSFSE228-07","COI-5P","BOLD: Public Records","BOLD Systems, 2023","Paracaesio xanthura",0.9964,"http://www.boldsystems.org/index.php/Public_RecordView?processid=DSFSE228-07","South Africa",-30.333,30.75
"176","FDP_GOVG_2208_002A","TZMSC344-05","COI-5P","BOLD: Public Records","BOLD Systems, 2023","Paracaesio xanthura",0.9964,"http://www.boldsystems.org/index.php/Public_RecordView?processid=TZMSC344-05","South Africa",-30.333,30.75
"177","FDP_GOVG_2208_002A","DSFSG516-11","COI-5P","BOLD: Public Records","BOLD Systems, 2023","Paracaesio xanthura",0.9964,"http://www.boldsystems.org/index.php/Public_RecordView?processid=DSFSG516-11","South Africa",-28.5536,24.7525
"178","FDP_GOVG_2208_002A","DSFSG664-11","COI-5P","BOLD: Public Records","BOLD Systems, 2023","Paracaesio xanthura",0.9964,"http://www.boldsystems.org/index.php/Public_RecordView?processid=DSFSG664-11","South Africa",-28.5536,24.7525
"179","FDP_GOVG_2208_002A","FOAQ431-21","COI-5P","BOLD: Public Records","BOLD Systems, 2023","Paracaesio cf. xanthura",0.9964,"http://www.boldsystems.org/index.php/Public_RecordView?processid=FOAQ431-21","South Pacific Ocean",-18.2348,147.334
"180","FDP_GOVG_2208_002A","DSLAR291-08","COI-5P","BOLD: Public Records","BOLD Systems, 2023","Paracaesio xanthura",0.9964,"http://www.boldsystems.org/index.php/Public_RecordView?processid=DSLAR291-08","South Africa",-30.333,30.75
"181","FDP_GOVG_2208_002A","DSLAF379-07","COI-5P","BOLD: Public Records","BOLD Systems, 2023","Paracaesio xanthura",0.9945,"http://www.boldsystems.org/index.php/Public_RecordView?processid=DSLAF379-07","South Africa",-30.333,30.75
"182","FDP_GOVG_2208_002A","DSLAF384-07","COI-5P","BOLD: Public Records","BOLD Systems, 2023","Paracaesio xanthura",0.9945,"http://www.boldsystems.org/index.php/Public_RecordView?processid=DSLAF384-07","South Africa",-30.333,30.75
"183","FDP_GOVG_2208_002A","DSLAG592-10","COI-5P","BOLD: Public Records","BOLD Systems, 2023","Paracaesio xanthura",0.9945,"http://www.boldsystems.org/index.php/Public_RecordView?processid=DSLAG592-10","South Africa",-30.333,30.75
"184","FDP_GOVG_2208_002A","TZSAL337-13","COI-5P","BOLD: Public Records","BOLD Systems, 2023","Paracaesio xanthura",0.9945,"http://www.boldsystems.org/index.php/Public_RecordView?processid=TZSAL337-13","South Africa",-30.33,30.75
"185","FDP_GOVG_2208_002A","TZSAL603-13","COI-5P","BOLD: Public Records","BOLD Systems, 2023","Paracaesio xanthura",0.9945,"http://www.boldsystems.org/index.php/Public_RecordView?processid=TZSAL603-13","South Africa",-30.33,30.75
"186","FDP_GOVG_2208_002A","TZSAL611-13","COI-5P","BOLD: Public Records","BOLD Systems, 2023","Paracaesio xanthura",0.9945,"http://www.boldsystems.org/index.php/Public_RecordView?processid=TZSAL611-13","South Africa",-30.33,30.75
"187","FDP_GOVG_2208_002A","TZSAL618-13","COI-5P","BOLD: Public Records","BOLD Systems, 2023","Paracaesio xanthura",0.9945,"http://www.boldsystems.org/index.php/Public_RecordView?processid=TZSAL618-13","South Africa",-30.33,30.75
"188","FDP_GOVG_2208_002A","FSHMU286-12","COI-5P","BOLD: Public Records","BOLD Systems, 2023","Perciformes",0.9945,"http://www.boldsystems.org/index.php/Public_RecordView?processid=FSHMU286-12","Mauritius",-20.2416,57.7878
"189","FDP_GOVG_2208_002A","DSLAR297-08","COI-5P","BOLD: Public Records","BOLD Systems, 2023","Paracaesio xanthura",0.9945,"http://www.boldsystems.org/index.php/Public_RecordView?processid=DSLAR297-08","South Africa",-30.333,30.75
"190","FDP_GOVG_2208_002A","FSHMU224-11","COI-5P","BOLD: Public Records","BOLD Systems, 2023","Perciformes",0.9927,"http://www.boldsystems.org/index.php/Public_RecordView?processid=FSHMU224-11","Mauritius",-20.4935,57.3706
"191","FDP_GOVG_2208_002A","DSLAR295-08","COI-5P","BOLD: Public Records","BOLD Systems, 2023","Paracaesio xanthura",0.9872,"http://www.boldsystems.org/index.php/Public_RecordView?processid=DSLAR295-08","South Africa",-30.333,30.75
"192","FDP_GOVG_2208_002A","FOAQ434-21","COI-5P","BOLD: Public Records","BOLD Systems, 2023","Paracaesio xanthura",0.9818,"http://www.boldsystems.org/index.php/Public_RecordView?processid=FOAQ434-21","South Pacific Ocean",-26.95,153.483
"193","FDP_GOVG_2208_002A","FOAQ435-21","COI-5P","BOLD: Public Records","BOLD Systems, 2023","Paracaesio xanthura",0.9818,"http://www.boldsystems.org/index.php/Public_RecordView?processid=FOAQ435-21","South Pacific Ocean",-26.5,153.55
"194","FDP_GOVG_2208_002A","FOAQ436-21","COI-5P","BOLD: Public Records","BOLD Systems, 2023","Paracaesio xanthura",0.98,"http://www.boldsystems.org/index.php/Public_RecordView?processid=FOAQ436-21","South Pacific Ocean",-26.5,153.55
"195","FDP_GOVG_2208_002A","PHIVS176-16","COI-5P","BOLD: Public Records","BOLD Systems, 2023","Paracaesio xanthura",0.9783,"http://www.boldsystems.org/index.php/Public_RecordView?processid=PHIVS176-16","Philippines",10.292,123.892
"196","FDP_GOVG_2208_002A","DSFSG645-11","COI-5P","BOLD: Public Records","BOLD Systems, 2023","Paracaesio xanthura",0.9781,"http://www.boldsystems.org/index.php/Public_RecordView?processid=DSFSG645-11","Mozambique",-22.843,35.558
"197","FDP_GOVG_2208_002A","BIFZC180-17","COI-5P","BOLD: Public Records","BOLD Systems, 2023","Paracaesio xanthura",0.9781,"http://www.boldsystems.org/index.php/Public_RecordView?processid=BIFZC180-17","Indonesia",-3.68757,128.183
"198","DNSC_2016_001A","FSCS229-06","COI-5P","BOLD: Public Records","BOLD Systems, 2023","Lutjanus johnii",1,"http://www.boldsystems.org/index.php/Public_RecordView?processid=FSCS229-06","China",20.454,110.717
"199","DNSC_2016_001A","ANGBF38648-19","COI-5P","BOLD: Public Records","BOLD Systems, 2023","Lutjanus johnii",1,"http://www.boldsystems.org/index.php/Public_RecordView?processid=ANGBF38648-19","Malaysia",4.84,100.63
"200","DNSC_2016_001A","ANGBF38653-19","COI-5P","BOLD: Public Records","BOLD Systems, 2023","Lutjanus johnii",1,"http://www.boldsystems.org/index.php/Public_RecordView?processid=ANGBF38653-19","Malaysia",1.94,102.66
"201","DNSC_2016_001A","ANGBF38654-19","COI-5P","BOLD: Public Records","BOLD Systems, 2023","Lutjanus johnii",1,"http://www.boldsystems.org/index.php/Public_RecordView?processid=ANGBF38654-19","Malaysia",6.39,100.14
"202","DNSC_2016_001A","ANGBF38659-19","COI-5P","BOLD: Public Records","BOLD Systems, 2023","Lutjanus johnii",1,"http://www.boldsystems.org/index.php/Public_RecordView?processid=ANGBF38659-19","Malaysia",1.94,102.66
"203","DNSC_2016_001A","ANGBF38662-19","COI-5P","BOLD: Public Records","BOLD Systems, 2023","Lutjanus johnii",1,"http://www.boldsystems.org/index.php/Public_RecordView?processid=ANGBF38662-19","Malaysia",4.82,100.71
"204","DNSC_2016_001A","ANGBF38663-19","COI-5P","BOLD: Public Records","BOLD Systems, 2023","Lutjanus johnii",1,"http://www.boldsystems.org/index.php/Public_RecordView?processid=ANGBF38663-19","",NA,NA
"205","DNSC_2016_001A","GBGCA6156-13","COI-5P","BOLD: Public Records","BOLD Systems, 2023","Lutjanus johnii",1,"http://www.boldsystems.org/index.php/Public_RecordView?processid=GBGCA6156-13","",NA,NA
"206","DNSC_2016_001A","GBGCA6157-13","COI-5P","BOLD: Public Records","BOLD Systems, 2023","Lutjanus johnii",1,"http://www.boldsystems.org/index.php/Public_RecordView?processid=GBGCA6157-13","",NA,NA
"207","DNSC_2016_001A","GBGCA6158-13","COI-5P","BOLD: Public Records","BOLD Systems, 2023","Lutjanus johnii",1,"http://www.boldsystems.org/index.php/Public_RecordView?processid=GBGCA6158-13","",NA,NA
"208","DNSC_2016_001A","GBGCA6160-13","COI-5P","BOLD: Public Records","BOLD Systems, 2023","Lutjanus johnii",1,"http://www.boldsystems.org/index.php/Public_RecordView?processid=GBGCA6160-13","",NA,NA
"209","DNSC_2016_001A","GBGCA6161-13","COI-5P","BOLD: Public Records","BOLD Systems, 2023","Lutjanus johnii",1,"http://www.boldsystems.org/index.php/Public_RecordView?processid=GBGCA6161-13","",NA,NA
"210","DNSC_2016_001A","GBGCA6164-13","COI-5P","BOLD: Public Records","BOLD Systems, 2023","Lutjanus johnii",1,"http://www.boldsystems.org/index.php/Public_RecordView?processid=GBGCA6164-13","",NA,NA
"211","DNSC_2016_001A","GBGCA6166-13","COI-5P","BOLD: Public Records","BOLD Systems, 2023","Lutjanus johnii",1,"http://www.boldsystems.org/index.php/Public_RecordView?processid=GBGCA6166-13","",NA,NA
"212","DNSC_2016_001A","GBGCA6167-13","COI-5P","BOLD: Public Records","BOLD Systems, 2023","Lutjanus johnii",1,"http://www.boldsystems.org/index.php/Public_RecordView?processid=GBGCA6167-13","",NA,NA
"213","DNSC_2016_001A","GBGCA6168-13","COI-5P","BOLD: Public Records","BOLD Systems, 2023","Lutjanus johnii",1,"http://www.boldsystems.org/index.php/Public_RecordView?processid=GBGCA6168-13","",NA,NA
"214","DNSC_2016_001A","GBGCA6169-13","COI-5P","BOLD: Public Records","BOLD Systems, 2023","Lutjanus johnii",1,"http://www.boldsystems.org/index.php/Public_RecordView?processid=GBGCA6169-13","",NA,NA
"215","DNSC_2016_001A","GBGCA6170-13","COI-5P","BOLD: Public Records","BOLD Systems, 2023","Lutjanus johnii",1,"http://www.boldsystems.org/index.php/Public_RecordView?processid=GBGCA6170-13","",NA,NA
"216","DNSC_2016_001A","GBGCA6172-13","COI-5P","BOLD: Public Records","BOLD Systems, 2023","Lutjanus johnii",1,"http://www.boldsystems.org/index.php/Public_RecordView?processid=GBGCA6172-13","",NA,NA
"217","DNSC_2016_001A","GBGCA6173-13","COI-5P","BOLD: Public Records","BOLD Systems, 2023","Lutjanus johnii",1,"http://www.boldsystems.org/index.php/Public_RecordView?processid=GBGCA6173-13","",NA,NA
"218","DNSC_2016_001A","GBGCA6175-13","COI-5P","BOLD: Public Records","BOLD Systems, 2023","Lutjanus johnii",1,"http://www.boldsystems.org/index.php/Public_RecordView?processid=GBGCA6175-13","",NA,NA
"219","DNSC_2016_001A","GBGCA6176-13","COI-5P","BOLD: Public Records","BOLD Systems, 2023","Lutjanus johnii",1,"http://www.boldsystems.org/index.php/Public_RecordView?processid=GBGCA6176-13","",NA,NA
"220","DNSC_2016_001A","GBGCA6177-13","COI-5P","BOLD: Public Records","BOLD Systems, 2023","Lutjanus johnii",1,"http://www.boldsystems.org/index.php/Public_RecordView?processid=GBGCA6177-13","",NA,NA
"221","DNSC_2016_001A","GBGCA6180-13","COI-5P","BOLD: Public Records","BOLD Systems, 2023","Lutjanus johnii",1,"http://www.boldsystems.org/index.php/Public_RecordView?processid=GBGCA6180-13","",NA,NA
"222","DNSC_2016_001A","GBGCA6181-13","COI-5P","BOLD: Public Records","BOLD Systems, 2023","Lutjanus johnii",1,"http://www.boldsystems.org/index.php/Public_RecordView?processid=GBGCA6181-13","",NA,NA
"223","DNSC_2016_001A","GBMNB7457-20","COI-5P","BOLD: Public Records","BOLD Systems, 2023","Lutjanus johnii",1,"http://www.boldsystems.org/index.php/Public_RecordView?processid=GBMNB7457-20","",NA,NA
"224","DNSC_2016_001A","GBMNB7458-20","COI-5P","BOLD: Public Records","BOLD Systems, 2023","Lutjanus johnii",1,"http://www.boldsystems.org/index.php/Public_RecordView?processid=GBMNB7458-20","",NA,NA
"225","DNSC_2016_001A","GBMNE42147-21","COI-5P","BOLD: Public Records","BOLD Systems, 2023","Lutjanus johnii",1,"http://www.boldsystems.org/index.php/Public_RecordView?processid=GBMNE42147-21","",NA,NA
"226","DNSC_2016_001A","FOAM228-10","COI-5P","BOLD: Public Records","BOLD Systems, 2023","Lutjanus johnii",1,"http://www.boldsystems.org/index.php/Public_RecordView?processid=FOAM228-10","Indonesia",-8.75,115.15
"227","DNSC_2016_001A","FOAM244-10","COI-5P","BOLD: Public Records","BOLD Systems, 2023","Lutjanus johnii",1,"http://www.boldsystems.org/index.php/Public_RecordView?processid=FOAM244-10","Indonesia",-8.75,115.15
"228","DNSC_2016_001A","FOAM245-10","COI-5P","BOLD: Public Records","BOLD Systems, 2023","Lutjanus johnii",1,"http://www.boldsystems.org/index.php/Public_RecordView?processid=FOAM245-10","Indonesia",-8.75,115.15
"229","DNSC_2016_001A","FOAM246-10","COI-5P","BOLD: Public Records","BOLD Systems, 2023","Lutjanus johnii",1,"http://www.boldsystems.org/index.php/Public_RecordView?processid=FOAM246-10","Indonesia",-8.75,115.15
"230","DNSC_2016_001A","FOAM438-10","COI-5P","BOLD: Public Records","BOLD Systems, 2023","Lutjanus johnii",1,"http://www.boldsystems.org/index.php/Public_RecordView?processid=FOAM438-10","Indonesia",-7.03333,106.533
"231","DNSC_2016_001A","FOAM439-10","COI-5P","BOLD: Public Records","BOLD Systems, 2023","Lutjanus johnii",1,"http://www.boldsystems.org/index.php/Public_RecordView?processid=FOAM439-10","Indonesia",-7.03333,106.533
"232","DNSC_2016_001A","PHILA2501-18","COI-5P","BOLD: Public Records","BOLD Systems, 2023","Lutjanus johnii",1,"http://www.boldsystems.org/index.php/Public_RecordView?processid=PHILA2501-18","Philippines",14.803,120.528
"233","DNSC_2016_001A","PHILA992-13","COI-5P","BOLD: Public Records","BOLD Systems, 2023","Lutjanus johnii",1,"http://www.boldsystems.org/index.php/Public_RecordView?processid=PHILA992-13","Philippines",11.246,124.999
"234","DNSC_2016_001A","ZOSKT679-16","COI-5P","BOLD: Public Records","BOLD Systems, 2023","Lutjanus johnii",1,"http://www.boldsystems.org/index.php/Public_RecordView?processid=ZOSKT679-16","",NA,NA
"235","DNSC_2016_001A","PHILU034-18","COI-5P","BOLD: Public Records","BOLD Systems, 2023","Lutjanus johnii",1,"http://www.boldsystems.org/index.php/Public_RecordView?processid=PHILU034-18","Philippines",13.933,121.615
"236","DNSC_2016_001A","DBMR131-19","COI-5P","BOLD: Public Records","BOLD Systems, 2023","Lutjanus johnii",1,"http://www.boldsystems.org/index.php/Public_RecordView?processid=DBMR131-19","Malaysia",5.578,100.341
"237","DNSC_2016_001A","DBMR132-19","COI-5P","BOLD: Public Records","BOLD Systems, 2023","Lutjanus johnii",1,"http://www.boldsystems.org/index.php/Public_RecordView?processid=DBMR132-19","Malaysia",5.578,100.341
"238","DNSC_2016_001A","ANGBF38644-19","COI-5P","BOLD: Public Records","BOLD Systems, 2023","Lutjanus johnii",0.9982,"http://www.boldsystems.org/index.php/Public_RecordView?processid=ANGBF38644-19","Malaysia",6.09,100.3
"239","DNSC_2016_001A","ANGBF38646-19","COI-5P","BOLD: Public Records","BOLD Systems, 2023","Lutjanus johnii",0.9982,"http://www.boldsystems.org/index.php/Public_RecordView?processid=ANGBF38646-19","Malaysia",2.37,102.03
"240","DNSC_2016_001A","ANGBF38647-19","COI-5P","BOLD: Public Records","BOLD Systems, 2023","Lutjanus johnii",0.9982,"http://www.boldsystems.org/index.php/Public_RecordView?processid=ANGBF38647-19","Malaysia",2.37,102.03
"241","DNSC_2016_001A","ANGBF38649-19","COI-5P","BOLD: Public Records","BOLD Systems, 2023","Lutjanus johnii",0.9982,"http://www.boldsystems.org/index.php/Public_RecordView?processid=ANGBF38649-19","Malaysia",4.84,100.63
"242","DNSC_2016_001A","ANGBF38650-19","COI-5P","BOLD: Public Records","BOLD Systems, 2023","Lutjanus johnii",0.9982,"http://www.boldsystems.org/index.php/Public_RecordView?processid=ANGBF38650-19","Malaysia",4.93,100.46
"243","DNSC_2016_001A","ANGBF38652-19","COI-5P","BOLD: Public Records","BOLD Systems, 2023","Lutjanus johnii",0.9982,"http://www.boldsystems.org/index.php/Public_RecordView?processid=ANGBF38652-19","Malaysia",2.43,101.92
"244","DNSC_2016_001A","ANGBF38655-19","COI-5P","BOLD: Public Records","BOLD Systems, 2023","Lutjanus johnii",0.9982,"http://www.boldsystems.org/index.php/Public_RecordView?processid=ANGBF38655-19","Malaysia",1.94,102.66
"245","DNSC_2016_001A","GBGCA6171-13","COI-5P","BOLD: Public Records","BOLD Systems, 2023","Lutjanus johnii",0.9982,"http://www.boldsystems.org/index.php/Public_RecordView?processid=GBGCA6171-13","",NA,NA
"246","DNSC_2016_001A","FOAN501-11","COI-5P","BOLD: Public Records","BOLD Systems, 2023","Lutjanus johnii",0.9982,"http://www.boldsystems.org/index.php/Public_RecordView?processid=FOAN501-11","Indonesia",-8.75,115.15
"247","DNSC_2016_001A","IFV187-11","COI-5P","BOLD: Public Records","BOLD Systems, 2023","Lutjanus johnii",0.9982,"http://www.boldsystems.org/index.php/Public_RecordView?processid=IFV187-11","India",21.643,69.612
"248","DNSC_2016_001A","ANGBF38661-19","COI-5P","BOLD: Public Records","BOLD Systems, 2023","Lutjanus johnii",0.9964,"http://www.boldsystems.org/index.php/Public_RecordView?processid=ANGBF38661-19","Malaysia",NA,NA
"249","DNSC_2016_001A","GBGCA6159-13","COI-5P","BOLD: Public Records","BOLD Systems, 2023","Lutjanus johnii",0.9963,"http://www.boldsystems.org/index.php/Public_RecordView?processid=GBGCA6159-13","",NA,NA
"250","DNSC_2016_001A","ANGBF38660-19","COI-5P","BOLD: Public Records","BOLD Systems, 2023","Lutjanus johnii",0.9945,"http://www.boldsystems.org/index.php/Public_RecordView?processid=ANGBF38660-19","Malaysia",NA,NA
"251","DNSC_2016_001A","FOAC011-05","COI-5P","BOLD: Public Records","BOLD Systems, 2023","Lutjanus johnii",0.9908,"http://www.boldsystems.org/index.php/Public_RecordView?processid=FOAC011-05","Australia",-12.53,141.167
"252","DNSC_2016_001A","FOAC012-05","COI-5P","BOLD: Public Records","BOLD Systems, 2023","Lutjanus johnii",0.9908,"http://www.boldsystems.org/index.php/Public_RecordView?processid=FOAC012-05","Australia",-12.52,141.167
"253","DNSC_2016_001A","FOAC014-05","COI-5P","BOLD: Public Records","BOLD Systems, 2023","Lutjanus johnii",0.9908,"http://www.boldsystems.org/index.php/Public_RecordView?processid=FOAC014-05","Australia",-12.52,141.483
"254","DNSC_2016_001A","FOAC013-05","COI-5P","BOLD: Public Records","BOLD Systems, 2023","Lutjanus johnii",0.9908,"http://www.boldsystems.org/index.php/Public_RecordView?processid=FOAC013-05","Australia",-12.52,141.167
"255","DNSC_2016_001A","FOAQ738-22","COI-5P","BOLD: Public Records","BOLD Systems, 2023","Lutjanus johnii",0.9908,"http://www.boldsystems.org/index.php/Public_RecordView?processid=FOAQ738-22","Papua New Guinea",-8.08,145.682
"256","DNSC_2016_001A","FOAQ737-22","COI-5P","BOLD: Public Records","BOLD Systems, 2023","Lutjanus johnii",0.9908,"http://www.boldsystems.org/index.php/Public_RecordView?processid=FOAQ737-22","Papua New Guinea",-7.918,145.137
"257","DNSC_2016_001A","ANGBF38651-19","COI-5P","BOLD: Public Records","BOLD Systems, 2023","Lutjanus johnii",0.989,"http://www.boldsystems.org/index.php/Public_RecordView?processid=ANGBF38651-19","Malaysia",2.43,101.92
"258","DNSC_2016_001A","GBGCA6165-13","COI-5P","BOLD: Public Records","BOLD Systems, 2023","Lutjanus johnii",0.989,"http://www.boldsystems.org/index.php/Public_RecordView?processid=GBGCA6165-13","",NA,NA
"259","DNSC_2016_001A","GBMTG4229-16","COI-5P","BOLD: Public Records","BOLD Systems, 2023","Lutjanus johnii",0.989,"http://www.boldsystems.org/index.php/Public_RecordView?processid=GBMTG4229-16","",NA,NA
"260","DNSC_2016_001A","GBMNA14814-19","COI-5P","BOLD: Public Records","BOLD Systems, 2023","Lutjanus johnii",0.989,"http://www.boldsystems.org/index.php/Public_RecordView?processid=GBMNA14814-19","",NA,NA
"261","DNSC_2016_001A","ANGBF50243-19","COI-5P","BOLD: Public Records","BOLD Systems, 2023","Lutjanus johnii",0.9872,"http://www.boldsystems.org/index.php/Public_RecordView?processid=ANGBF50243-19","Bangladesh",21.2,91.47
"262","DNSC_2016_001A","GDK235-12","COI-5P","BOLD: Public Records","BOLD Systems, 2023","Lutjanus johnii",0.9872,"http://www.boldsystems.org/index.php/Public_RecordView?processid=GDK235-12","India",16.725,82.209
"263","DNSC_2016_001A","ANGBF38656-19","COI-5P","BOLD: Public Records","BOLD Systems, 2023","Lutjanus johnii",0.9872,"http://www.boldsystems.org/index.php/Public_RecordView?processid=ANGBF38656-19","Malaysia",4.61,101.11
"264","DNSC_2016_001A","ANGBF38658-19","COI-5P","BOLD: Public Records","BOLD Systems, 2023","Lutjanus johnii",0.9872,"http://www.boldsystems.org/index.php/Public_RecordView?processid=ANGBF38658-19","Malaysia",2.37,102.03
"265","DNSC_2016_001A","GBMNE80014-22","COI-5P","BOLD: Public Records","BOLD Systems, 2023","Lutjanus johnii",0.9872,"http://www.boldsystems.org/index.php/Public_RecordView?processid=GBMNE80014-22","",NA,NA
"266","DNSC_2016_001A","GBMNE80013-22","COI-5P","BOLD: Public Records","BOLD Systems, 2023","Lutjanus johnii",0.9872,"http://www.boldsystems.org/index.php/Public_RecordView?processid=GBMNE80013-22","",NA,NA
"267","DNSC_2016_001A","GBMNE80012-22","COI-5P","BOLD: Public Records","BOLD Systems, 2023","Lutjanus johnii",0.9872,"http://www.boldsystems.org/index.php/Public_RecordView?processid=GBMNE80012-22","Iran",NA,NA
"268","DNSC_2016_001A","GBGCA6162-13","COI-5P","BOLD: Public Records","BOLD Systems, 2023","Lutjanus johnii",0.9872,"http://www.boldsystems.org/index.php/Public_RecordView?processid=GBGCA6162-13","",NA,NA
"269","DNSC_2016_001A","GBGCA6163-13","COI-5P","BOLD: Public Records","BOLD Systems, 2023","Lutjanus johnii",0.9872,"http://www.boldsystems.org/index.php/Public_RecordView?processid=GBGCA6163-13","",NA,NA
"270","DNSC_2017_110A","AMS555-08","COI-5P","BOLD: Public Records","BOLD Systems, 2023","Lutjanus fulviflamma",1,"http://www.boldsystems.org/index.php/Public_RecordView?processid=AMS555-08","Australia",-29.114,153.434
"271","DNSC_2017_110A","FTW085-08","COI-5P","BOLD: Public Records","BOLD Systems, 2023","Lutjanus fulviflamma",1,"http://www.boldsystems.org/index.php/Public_RecordView?processid=FTW085-08","Taiwan",22.44,120.47
"272","DNSC_2017_110A","FTW086-08","COI-5P","BOLD: Public Records","BOLD Systems, 2023","Lutjanus fulviflamma",1,"http://www.boldsystems.org/index.php/Public_RecordView?processid=FTW086-08","Taiwan",22.44,120.47
"273","DNSC_2017_110A","LIFS187-08","COI-5P","BOLD: Public Records","BOLD Systems, 2023","Lutjanus fulviflamma",1,"http://www.boldsystems.org/index.php/Public_RecordView?processid=LIFS187-08","Australia",-14.679,145.444
"274","DNSC_2017_110A","LIFS297-08","COI-5P","BOLD: Public Records","BOLD Systems, 2023","Lutjanus fulviflamma",1,"http://www.boldsystems.org/index.php/Public_RecordView?processid=LIFS297-08","Australia",-14.675,145.446
"275","DNSC_2017_110A","LIFS497-08","COI-5P","BOLD: Public Records","BOLD Systems, 2023","Lutjanus fulviflamma",1,"http://www.boldsystems.org/index.php/Public_RecordView?processid=LIFS497-08","Australia",-14.683,145.45
"276","DNSC_2017_110A","ANGBF4383-12","COI-5P","BOLD: Public Records","BOLD Systems, 2023","Lutjanus fulviflamma",1,"http://www.boldsystems.org/index.php/Public_RecordView?processid=ANGBF4383-12","",NA,NA
"277","DNSC_2017_110A","ANGBF38614-19","COI-5P","BOLD: Public Records","BOLD Systems, 2023","Lutjanus fulviflamma",1,"http://www.boldsystems.org/index.php/Public_RecordView?processid=ANGBF38614-19","Malaysia",5.98,116.07
"278","DNSC_2017_110A","GBMNF47312-22","COI-5P","BOLD: Public Records","BOLD Systems, 2023","Lutjanus fulviflamma",1,"http://www.boldsystems.org/index.php/Public_RecordView?processid=GBMNF47312-22","India",NA,NA
"279","DNSC_2017_110A","GBGCA6209-13","COI-5P","BOLD: Public Records","BOLD Systems, 2023","Lutjanus fulviflamma",1,"http://www.boldsystems.org/index.php/Public_RecordView?processid=GBGCA6209-13","",NA,NA
"280","DNSC_2017_110A","GBGCA6210-13","COI-5P","BOLD: Public Records","BOLD Systems, 2023","Lutjanus fulviflamma",1,"http://www.boldsystems.org/index.php/Public_RecordView?processid=GBGCA6210-13","",NA,NA
"281","DNSC_2017_110A","GBGCA6211-13","COI-5P","BOLD: Public Records","BOLD Systems, 2023","Lutjanus fulviflamma",1,"http://www.boldsystems.org/index.php/Public_RecordView?processid=GBGCA6211-13","",NA,NA
"282","DNSC_2017_110A","GBMNB7454-20","COI-5P","BOLD: Public Records","BOLD Systems, 2023","Lutjanus fulviflamma",1,"http://www.boldsystems.org/index.php/Public_RecordView?processid=GBMNB7454-20","",NA,NA
"283","DNSC_2017_110A","FOAJ175-09","COI-5P","BOLD: Public Records","BOLD Systems, 2023","Lutjanus fulviflamma",1,"http://www.boldsystems.org/index.php/Public_RecordView?processid=FOAJ175-09","Indonesia",-8.75,115.167
"284","DNSC_2017_110A","PHILA053-13","COI-5P","BOLD: Public Records","BOLD Systems, 2023","Lutjanus fulviflamma",1,"http://www.boldsystems.org/index.php/Public_RecordView?processid=PHILA053-13","Philippines",14.619,121.052
"285","DNSC_2017_110A","ZOSKT2380-16","COI-5P","BOLD: Public Records","BOLD Systems, 2023","Lutjanus fulviflamma",1,"http://www.boldsystems.org/index.php/Public_RecordView?processid=ZOSKT2380-16","China",38.0733,104.691
"286","DNSC_2017_110A","ZOSKT2381-16","COI-5P","BOLD: Public Records","BOLD Systems, 2023","Lutjanus fulviflamma",1,"http://www.boldsystems.org/index.php/Public_RecordView?processid=ZOSKT2381-16","China",38.0733,104.691
"287","DNSC_2017_110A","SCS535-16","COI-5P","BOLD: Public Records","BOLD Systems, 2023","Lutjanus fulviflamma",1,"http://www.boldsystems.org/index.php/Public_RecordView?processid=SCS535-16","China",18.407,109.98
"288","DNSC_2017_110A","BIFZC125-17","COI-5P","BOLD: Public Records","BOLD Systems, 2023","Lutjanus fulviflamma",1,"http://www.boldsystems.org/index.php/Public_RecordView?processid=BIFZC125-17","Indonesia",-3.68757,128.183
"289","DNSC_2017_110A","BIFZC129-17","COI-5P","BOLD: Public Records","BOLD Systems, 2023","Lutjanus fulviflamma",1,"http://www.boldsystems.org/index.php/Public_RecordView?processid=BIFZC129-17","Indonesia",-3.68757,128.183
"290","DNSC_2017_110A","CDAO506-18","COI-5P","BOLD: Public Records","BOLD Systems, 2023","Lutjanus fulviflamma",1,"http://www.boldsystems.org/index.php/Public_RecordView?processid=CDAO506-18","Vietnam",8.68497,106.605
"291","DNSC_2017_110A","FOAI203-08","COI-5P","BOLD: Public Records","BOLD Systems, 2023","Lutjanus fulviflamma",0.9982,"http://www.boldsystems.org/index.php/Public_RecordView?processid=FOAI203-08","Indonesia",-8.75,115.15
"292","DNSC_2017_110A","ANGBF55081-19","COI-5P","BOLD: Public Records","BOLD Systems, 2023","Lutjanus fulviflamma",0.9982,"http://www.boldsystems.org/index.php/Public_RecordView?processid=ANGBF55081-19","",NA,NA
"293","DNSC_2017_110A","ANGBF57351-19","COI-5P","BOLD: Public Records","BOLD Systems, 2023","Lutjanus fulviflamma",0.9982,"http://www.boldsystems.org/index.php/Public_RecordView?processid=ANGBF57351-19","",NA,NA
"294","DNSC_2017_110A","FOAM567-10","COI-5P","BOLD: Public Records","BOLD Systems, 2023","Lutjanus fulviflamma",0.9982,"http://www.boldsystems.org/index.php/Public_RecordView?processid=FOAM567-10","Indonesia",-8.75,115.15
"295","DNSC_2017_110A","PHILA2133-16","COI-5P","BOLD: Public Records","BOLD Systems, 2023","Lutjanus fulviflamma",0.9982,"http://www.boldsystems.org/index.php/Public_RecordView?processid=PHILA2133-16","Philippines",16.077,121.77
"296","DNSC_2017_110A","PHILA055-13","COI-5P","BOLD: Public Records","BOLD Systems, 2023","Lutjanus fulviflamma",0.9982,"http://www.boldsystems.org/index.php/Public_RecordView?processid=PHILA055-13","Philippines",14.619,121.052
"297","DNSC_2017_110A","BIFZC124-17","COI-5P","BOLD: Public Records","BOLD Systems, 2023","Lutjanus fulviflamma",0.9982,"http://www.boldsystems.org/index.php/Public_RecordView?processid=BIFZC124-17","Indonesia",-3.68757,128.183
"298","DNSC_2017_110A","BIFZC126-17","COI-5P","BOLD: Public Records","BOLD Systems, 2023","Lutjanus fulviflamma",0.9982,"http://www.boldsystems.org/index.php/Public_RecordView?processid=BIFZC126-17","Indonesia",-3.68757,128.183
"299","DNSC_2017_110A","BIFZC114-17","COI-5P","BOLD: Public Records","BOLD Systems, 2023","Lutjanus fulviflamma",0.9982,"http://www.boldsystems.org/index.php/Public_RecordView?processid=BIFZC114-17","Indonesia",-3.68757,128.183
"300","DNSC_2017_110A","BIFZC130-17","COI-5P","BOLD: Public Records","BOLD Systems, 2023","Lutjanus fulviflamma",0.9982,"http://www.boldsystems.org/index.php/Public_RecordView?processid=BIFZC130-17","Indonesia",-3.68757,128.183
"301","DNSC_2017_110A","CDAO507-18","COI-5P","BOLD: Public Records","BOLD Systems, 2023","Lutjanus fulviflamma",0.9982,"http://www.boldsystems.org/index.php/Public_RecordView?processid=CDAO507-18","Vietnam",8.66528,106.605
"302","DNSC_2017_110A","ANGBF38613-19","COI-5P","BOLD: Public Records","BOLD Systems, 2023","Lutjanus fulviflamma",0.9982,"http://www.boldsystems.org/index.php/Public_RecordView?processid=ANGBF38613-19","",NA,NA
"303","DNSC_2017_110A","ZOSKT678-16","COI-5P","BOLD: Public Records","BOLD Systems, 2023","Lutjanus fulviflamma",0.9981,"http://www.boldsystems.org/index.php/Public_RecordView?processid=ZOSKT678-16","",NA,NA
"304","DNSC_2017_110A","PHILA054-13","COI-5P","BOLD: Public Records","BOLD Systems, 2023","Lutjanus fulviflamma",0.9964,"http://www.boldsystems.org/index.php/Public_RecordView?processid=PHILA054-13","Philippines",14.619,121.052
"305","DNSC_2017_110A","GBMNB7455-20","COI-5P","BOLD: Public Records","BOLD Systems, 2023","Lutjanus fulviflamma",0.9961,"http://www.boldsystems.org/index.php/Public_RecordView?processid=GBMNB7455-20","",NA,NA
"306","DNSC_2017_110A","FTWS933-09","COI-5P","BOLD: Public Records","BOLD Systems, 2023","Lutjanus fulviflamma",0.9927,"http://www.boldsystems.org/index.php/Public_RecordView?processid=FTWS933-09","Taiwan",23.1,121.37
"307","DNSC_2017_110A","TZMSA432-04","COI-5P","BOLD: Public Records","BOLD Systems, 2023","Lutjanus fulviflamma",0.9892,"http://www.boldsystems.org/index.php/Public_RecordView?processid=TZMSA432-04","South Africa",-30.11,30.856
"308","DNSC_2017_110A","SAIAB427-06","COI-5P","BOLD: Public Records","BOLD Systems, 2023","Lutjanus fulviflamma",0.9891,"http://www.boldsystems.org/index.php/Public_RecordView?processid=SAIAB427-06","Seychelles",-4.6366,55.3752
"309","DNSC_2017_110A","SAIAB791-08","COI-5P","BOLD: Public Records","BOLD Systems, 2023","Lutjanus fulviflamma",0.9891,"http://www.boldsystems.org/index.php/Public_RecordView?processid=SAIAB791-08","Tanzania",-5.1,39.1
"310","DNSC_2017_110A","ANGBF2190-12","COI-5P","BOLD: Public Records","BOLD Systems, 2023","Lutjanus fulviflamma",0.9891,"http://www.boldsystems.org/index.php/Public_RecordView?processid=ANGBF2190-12","",NA,NA
"311","DNSC_2017_110A","ANGBF38615-19","COI-5P","BOLD: Public Records","BOLD Systems, 2023","Lutjanus fulviflamma",0.9891,"http://www.boldsystems.org/index.php/Public_RecordView?processid=ANGBF38615-19","Saudi Arabia",NA,NA
"312","DNSC_2017_110A","ANGBF38822-19","COI-5P","BOLD: Public Records","BOLD Systems, 2023","Lutjanus monostigma",0.9891,"http://www.boldsystems.org/index.php/Public_RecordView?processid=ANGBF38822-19","Saudi Arabia",NA,NA
"313","DNSC_2017_110A","GBMNE78545-22","COI-5P","BOLD: Public Records","BOLD Systems, 2023","Lutjanus fulviflamma",0.9891,"http://www.boldsystems.org/index.php/Public_RecordView?processid=GBMNE78545-22","",NA,NA
"314","DNSC_2017_110A","GBMNB11917-20","COI-5P","BOLD: Public Records","BOLD Systems, 2023","Lutjanus fulviflamma",0.9891,"http://www.boldsystems.org/index.php/Public_RecordView?processid=GBMNB11917-20","",NA,NA
"315","DNSC_2017_110A","SAIAB1156-10","COI-5P","BOLD: Public Records","BOLD Systems, 2023","Perciformes",0.9891,"http://www.boldsystems.org/index.php/Public_RecordView?processid=SAIAB1156-10","Tanzania",-6.13,39.4662
"316","DNSC_2017_110A","SAIAB1236-10","COI-5P","BOLD: Public Records","BOLD Systems, 2023","Perciformes",0.9891,"http://www.boldsystems.org/index.php/Public_RecordView?processid=SAIAB1236-10","Tanzania",-6.177,39.435
"317","DNSC_2017_110A","SAIAD064-10","COI-5P","BOLD: Public Records","BOLD Systems, 2023","Perciformes",0.9891,"http://www.boldsystems.org/index.php/Public_RecordView?processid=SAIAD064-10","Mozambique",-15.09,40.676
"318","DNSC_2017_110A","HVDB233-10","COI-5P","BOLD: Public Records","BOLD Systems, 2023","Perciformes",0.9891,"http://www.boldsystems.org/index.php/Public_RecordView?processid=HVDB233-10","Tanzania",-6.267,39.55
"319","DNSC_2017_110A","HVDBF357-11","COI-5P","BOLD: Public Records","BOLD Systems, 2023","Perciformes",0.9891,"http://www.boldsystems.org/index.php/Public_RecordView?processid=HVDBF357-11","Mozambique",-24.8921,34.3903
"320","DNSC_2017_110A","TZMSA472-04","COI-5P","BOLD: Public Records","BOLD Systems, 2023","Lutjanus fulviflamma",0.9891,"http://www.boldsystems.org/index.php/Public_RecordView?processid=TZMSA472-04","South Africa",-28.125,32.56
"321","DNSC_2017_110A","TZMSA323-04","COI-5P","BOLD: Public Records","BOLD Systems, 2023","Lutjanus fulviflamma",0.9891,"http://www.boldsystems.org/index.php/Public_RecordView?processid=TZMSA323-04","South Africa",-28.125,32.56
"322","DNSC_2017_110A","TZMSC287-05","COI-5P","BOLD: Public Records","BOLD Systems, 2023","Lutjanus fulviflamma",0.9891,"http://www.boldsystems.org/index.php/Public_RecordView?processid=TZMSC287-05","South Africa",-28.835,32.0283
"323","DNSC_2017_110A","TZMSC274-05","COI-5P","BOLD: Public Records","BOLD Systems, 2023","Lutjanus fulviflamma",0.9891,"http://www.boldsystems.org/index.php/Public_RecordView?processid=TZMSC274-05","South Africa",-28.835,32.0283
"324","DNSC_2017_110A","TZMSC252-05","COI-5P","BOLD: Public Records","BOLD Systems, 2023","Lutjanus fulviflamma",0.9891,"http://www.boldsystems.org/index.php/Public_RecordView?processid=TZMSC252-05","South Africa",-28.835,32.0283
"325","DNSC_2017_110A","TZMSC261-05","COI-5P","BOLD: Public Records","BOLD Systems, 2023","Lutjanus fulviflamma",0.9891,"http://www.boldsystems.org/index.php/Public_RecordView?processid=TZMSC261-05","South Africa",-28.835,32.0283
"326","DNSC_2017_110A","NNPF036-10","COI-5P","BOLD: Public Records","BOLD Systems, 2023","Lutjanus fulviflamma",0.9891,"http://www.boldsystems.org/index.php/Public_RecordView?processid=NNPF036-10","Iran",27.4,52.6
"327","DNSC_2017_110A","FSHMU099-10","COI-5P","BOLD: Public Records","BOLD Systems, 2023","Perciformes",0.9891,"http://www.boldsystems.org/index.php/Public_RecordView?processid=FSHMU099-10","Mauritius",-20.4427,57.3142
"328","DNSC_2017_110A","FSHMU100-10","COI-5P","BOLD: Public Records","BOLD Systems, 2023","Perciformes",0.9891,"http://www.boldsystems.org/index.php/Public_RecordView?processid=FSHMU100-10","Mauritius",-20.2416,57.7878
"329","DNSC_2017_110A","SBF006-11","COI-5P","BOLD: Public Records","BOLD Systems, 2023","Lutjanus fulviflamma",0.9891,"http://www.boldsystems.org/index.php/Public_RecordView?processid=SBF006-11","Madagascar",-13.48,48.24
"330","DNSC_2017_110A","SBF290-11","COI-5P","BOLD: Public Records","BOLD Systems, 2023","Lutjanus fulviflamma",0.9891,"http://www.boldsystems.org/index.php/Public_RecordView?processid=SBF290-11","Madagascar",-13.48,48.23
"331","DNSC_2017_110A","SBF291-11","COI-5P","BOLD: Public Records","BOLD Systems, 2023","Lutjanus fulviflamma",0.9891,"http://www.boldsystems.org/index.php/Public_RecordView?processid=SBF291-11","Madagascar",-13.48,48.23
"332","DNSC_2017_110A","UKFBJ910-08","COI-5P","BOLD: Public Records","BOLD Systems, 2023","Lutjanus fulviflamma",0.9891,"http://www.boldsystems.org/index.php/Public_RecordView?processid=UKFBJ910-08","Seychelles",-4.637,55.375
"333","DNSC_2017_110A","IFBIO261-17","COI-5P","BOLD: Public Records","BOLD Systems, 2023","Lutjanus fulviflamma",0.9891,"http://www.boldsystems.org/index.php/Public_RecordView?processid=IFBIO261-17","Madagascar",-23.4702,43.7329
"334","DNSC_2017_110A","COLOR378-15","COI-5P","BOLD: Public Records","BOLD Systems, 2023","Lutjanus fulviflamma",0.9891,"http://www.boldsystems.org/index.php/Public_RecordView?processid=COLOR378-15","Madagascar",-23.3846,43.6385
"335","DNSC_2017_110A","SAIAB267-06","COI-5P","BOLD: Public Records","BOLD Systems, 2023","Lutjanus fulviflamma",0.9891,"http://www.boldsystems.org/index.php/Public_RecordView?processid=SAIAB267-06","South Africa",-31.6895,29.4111
"336","DNSC_2017_110A","SAIAB268-06","COI-5P","BOLD: Public Records","BOLD Systems, 2023","Lutjanus fulviflamma",0.9891,"http://www.boldsystems.org/index.php/Public_RecordView?processid=SAIAB268-06","South Africa",-31.6895,29.4111
"337","DNSC_2017_110A","COLOR340-15","COI-5P","BOLD: Public Records","BOLD Systems, 2023","Lutjanus fulviflamma",0.9891,"http://www.boldsystems.org/index.php/Public_RecordView?processid=COLOR340-15","Madagascar",-23.6452,43.6068
"338","DNSC_2017_110A","COLOR329-15","COI-5P","BOLD: Public Records","BOLD Systems, 2023","Lutjanus fulviflamma",0.989,"http://www.boldsystems.org/index.php/Public_RecordView?processid=COLOR329-15","Madagascar",-23.3846,43.6385
"339","DNSC_2017_110A","WLIND519-07","COI-5P","BOLD: Public Records","BOLD Systems, 2023","Lutjanus johnii",0.9872,"http://www.boldsystems.org/index.php/Public_RecordView?processid=WLIND519-07","India",17.75,83.3333
"340","DNSC_2017_110A","ANGBF2174-12","COI-5P","BOLD: Public Records","BOLD Systems, 2023","Lutjanus fulviflamma",0.9872,"http://www.boldsystems.org/index.php/Public_RecordView?processid=ANGBF2174-12","",NA,NA
"341","DNSC_2017_110A","ANGBF2175-12","COI-5P","BOLD: Public Records","BOLD Systems, 2023","Lutjanus fulviflamma",0.9872,"http://www.boldsystems.org/index.php/Public_RecordView?processid=ANGBF2175-12","",NA,NA
"342","DNSC_2017_110A","ANGBF2176-12","COI-5P","BOLD: Public Records","BOLD Systems, 2023","Lutjanus fulviflamma",0.9872,"http://www.boldsystems.org/index.php/Public_RecordView?processid=ANGBF2176-12","",NA,NA
"343","DNSC_2017_110A","ANGBF2177-12","COI-5P","BOLD: Public Records","BOLD Systems, 2023","Lutjanus fulviflamma",0.9872,"http://www.boldsystems.org/index.php/Public_RecordView?processid=ANGBF2177-12","",NA,NA
"344","DNSC_2017_110A","ANGBF2178-12","COI-5P","BOLD: Public Records","BOLD Systems, 2023","Lutjanus fulviflamma",0.9872,"http://www.boldsystems.org/index.php/Public_RecordView?processid=ANGBF2178-12","",NA,NA
"345","DNSC_2017_110A","ANGBF2179-12","COI-5P","BOLD: Public Records","BOLD Systems, 2023","Lutjanus fulviflamma",0.9872,"http://www.boldsystems.org/index.php/Public_RecordView?processid=ANGBF2179-12","",NA,NA
"346","DNSC_2017_110A","ANGBF2180-12","COI-5P","BOLD: Public Records","BOLD Systems, 2023","Lutjanus fulviflamma",0.9872,"http://www.boldsystems.org/index.php/Public_RecordView?processid=ANGBF2180-12","",NA,NA
"347","DNSC_2017_110A","ANGBF2181-12","COI-5P","BOLD: Public Records","BOLD Systems, 2023","Lutjanus fulviflamma",0.9872,"http://www.boldsystems.org/index.php/Public_RecordView?processid=ANGBF2181-12","",NA,NA
"348","DNSC_2017_110A","ANGBF2183-12","COI-5P","BOLD: Public Records","BOLD Systems, 2023","Lutjanus fulviflamma",0.9872,"http://www.boldsystems.org/index.php/Public_RecordView?processid=ANGBF2183-12","",NA,NA
"349","MIN_1908_GOVG_037A","PHILA049-13","COI-5P","BOLD: Public Records","BOLD Systems, 2023","Lutjanus decussatus",1,"http://www.boldsystems.org/index.php/Public_RecordView?processid=PHILA049-13","Philippines",14.619,121.052
"350","MIN_1908_GOVG_037A","PHILA050-13","COI-5P","BOLD: Public Records","BOLD Systems, 2023","Lutjanus decussatus",1,"http://www.boldsystems.org/index.php/Public_RecordView?processid=PHILA050-13","Philippines",14.619,121.052
"351","MIN_1908_GOVG_037A","FOAH981-08","COI-5P","BOLD: Public Records","BOLD Systems, 2023","Lutjanus decussatus",0.9982,"http://www.boldsystems.org/index.php/Public_RecordView?processid=FOAH981-08","Indonesia",-8.8,116.483
"352","MIN_1908_GOVG_037A","FOAI200-08","COI-5P","BOLD: Public Records","BOLD Systems, 2023","Lutjanus decussatus",0.9982,"http://www.boldsystems.org/index.php/Public_RecordView?processid=FOAI200-08","Indonesia",-8.75,115.15
"353","MIN_1908_GOVG_037A","ANGBF38596-19","COI-5P","BOLD: Public Records","BOLD Systems, 2023","Lutjanus decussatus",0.9982,"http://www.boldsystems.org/index.php/Public_RecordView?processid=ANGBF38596-19","Philippines",NA,NA
"354","MIN_1908_GOVG_037A","FOAJ084-09","COI-5P","BOLD: Public Records","BOLD Systems, 2023","Lutjanus decussatus",0.9982,"http://www.boldsystems.org/index.php/Public_RecordView?processid=FOAJ084-09","Indonesia",-8.75,115.167
"355","MIN_1908_GOVG_037A","FOAM564-10","COI-5P","BOLD: Public Records","BOLD Systems, 2023","Lutjanus decussatus",0.9982,"http://www.boldsystems.org/index.php/Public_RecordView?processid=FOAM564-10","Indonesia",-8.75,115.15
"356","MIN_1908_GOVG_037A","PHILA2138-16","COI-5P","BOLD: Public Records","BOLD Systems, 2023","Lutjanus decussatus",0.9982,"http://www.boldsystems.org/index.php/Public_RecordView?processid=PHILA2138-16","Philippines",16.054,121.728
"357","MIN_1908_GOVG_037A","BIFZC118-17","COI-5P","BOLD: Public Records","BOLD Systems, 2023","Lutjanus decussatus",0.9982,"http://www.boldsystems.org/index.php/Public_RecordView?processid=BIFZC118-17","Indonesia",-3.68757,128.183
"358","MIN_1908_GOVG_037A","BIFZC117-17","COI-5P","BOLD: Public Records","BOLD Systems, 2023","Lutjanus decussatus",0.9982,"http://www.boldsystems.org/index.php/Public_RecordView?processid=BIFZC117-17","Indonesia",-3.68757,128.183
"359","MIN_1908_GOVG_037A","BIFZC119-17","COI-5P","BOLD: Public Records","BOLD Systems, 2023","Lutjanus decussatus",0.9982,"http://www.boldsystems.org/index.php/Public_RecordView?processid=BIFZC119-17","Indonesia",-3.68757,128.183
"360","MIN_1908_GOVG_037A","FADLI117-17","COI-5P","BOLD: Public Records","BOLD Systems, 2023","Lutjanus decussatus",0.9982,"http://www.boldsystems.org/index.php/Public_RecordView?processid=FADLI117-17","Indonesia",5.84194,95.3208
"361","MIN_1908_GOVG_037A","FADLI118-17","COI-5P","BOLD: Public Records","BOLD Systems, 2023","Lutjanus decussatus",0.9982,"http://www.boldsystems.org/index.php/Public_RecordView?processid=FADLI118-17","Indonesia",5.84194,95.3208
"362","MIN_1908_GOVG_037A","FADLI119-17","COI-5P","BOLD: Public Records","BOLD Systems, 2023","Lutjanus decussatus",0.9982,"http://www.boldsystems.org/index.php/Public_RecordView?processid=FADLI119-17","Indonesia",5.84194,95.3208
"363","MIN_1908_GOVG_037A","PHILU001-18","COI-5P","BOLD: Public Records","BOLD Systems, 2023","Lutjanus decussatus",0.9982,"http://www.boldsystems.org/index.php/Public_RecordView?processid=PHILU001-18","Philippines",13.933,121.615
"364","MIN_1908_GOVG_037A","ZOSKT706-16","COI-5P","BOLD: Public Records","BOLD Systems, 2023","Lutjanus decussatus",0.9981,"http://www.boldsystems.org/index.php/Public_RecordView?processid=ZOSKT706-16","",NA,NA
"365","MIN_1908_GOVG_037A","FOAH982-08","COI-5P","BOLD: Public Records","BOLD Systems, 2023","Lutjanus decussatus",0.9964,"http://www.boldsystems.org/index.php/Public_RecordView?processid=FOAH982-08","Indonesia",-8.8,116.483
"366","MIN_1908_GOVG_037A","ANGBF38597-19","COI-5P","BOLD: Public Records","BOLD Systems, 2023","Lutjanus decussatus",0.9945,"http://www.boldsystems.org/index.php/Public_RecordView?processid=ANGBF38597-19","Malaysia",5.98,116.07
"367","MIN_1908_GOVG_037A","GBMNC12459-20","COI-5P","BOLD: Public Records","BOLD Systems, 2023","Lutjanus decussatus",0.9709,"http://www.boldsystems.org/index.php/Public_RecordView?processid=GBMNC12459-20","Micronesia",NA,NA
"368","MIN_1908_GOVG_037A","BIFZC121-17","COI-5P","BOLD: Public Records","BOLD Systems, 2023","Lutjanus decussatus",0.9709,"http://www.boldsystems.org/index.php/Public_RecordView?processid=BIFZC121-17","Indonesia",-3.68757,128.183
"369","MIN_1908_GOVG_037A","BIFZC120-17","COI-5P","BOLD: Public Records","BOLD Systems, 2023","Lutjanus decussatus",0.9709,"http://www.boldsystems.org/index.php/Public_RecordView?processid=BIFZC120-17","Indonesia",-3.68757,128.183
"370","MIN_1908_GOVG_037A","BIFZC122-17","COI-5P","BOLD: Public Records","BOLD Systems, 2023","Lutjanus decussatus",0.969,"http://www.boldsystems.org/index.php/Public_RecordView?processid=BIFZC122-17","Indonesia",-3.68757,128.183
"371","MIN_1908_GOVG_037A","BIFZC168-17","COI-5P","BOLD: Public Records","BOLD Systems, 2023","Lutjanus semicinctus",0.969,"http://www.boldsystems.org/index.php/Public_RecordView?processid=BIFZC168-17","Indonesia",-3.68757,128.183
"372","MIN_1908_GOVG_037A","FOAG995-08","COI-5P","BOLD: Public Records","BOLD Systems, 2023","Lutjanus bitaeniatus",0.9674,"http://www.boldsystems.org/index.php/Public_RecordView?processid=FOAG995-08","Australia",-15.0892,121.782
"373","MIN_1908_GOVG_037A","FOAG365-08","COI-5P","BOLD: Public Records","BOLD Systems, 2023","Lutjanus bitaeniatus",0.9672,"http://www.boldsystems.org/index.php/Public_RecordView?processid=FOAG365-08","Australia",-15.089,121.782
"374","MIN_1908_GOVG_037A","FOAG994-08","COI-5P","BOLD: Public Records","BOLD Systems, 2023","Lutjanus bitaeniatus",0.9672,"http://www.boldsystems.org/index.php/Public_RecordView?processid=FOAG994-08","Australia",-15.0892,121.782
"375","MIN_1908_GOVG_037A","FOAG996-08","COI-5P","BOLD: Public Records","BOLD Systems, 2023","Lutjanus bitaeniatus",0.9672,"http://www.boldsystems.org/index.php/Public_RecordView?processid=FOAG996-08","Australia",-15.0892,121.782
"376","MIN_1908_GOVG_037A","FOAG997-08","COI-5P","BOLD: Public Records","BOLD Systems, 2023","Lutjanus bitaeniatus",0.9672,"http://www.boldsystems.org/index.php/Public_RecordView?processid=FOAG997-08","Australia",-15.0892,121.782
"377","MIN_1908_GOVG_037A","FOAN1016-11","COI-5P","BOLD: Public Records","BOLD Systems, 2023","Lutjanus papuensis",0.9599,"http://www.boldsystems.org/index.php/Public_RecordView?processid=FOAN1016-11","Indonesia",-2.60483,134.657
"378","MIN_1908_GOVG_037A","FOAI761-09","COI-5P","BOLD: Public Records","BOLD Systems, 2023","Lutjanus papuensis",0.9581,"http://www.boldsystems.org/index.php/Public_RecordView?processid=FOAI761-09","Indonesia",-7.03333,106.533
"379","MIN_1908_GOVG_037A","GBMND51270-21","COI-5P","BOLD: Public Records","BOLD Systems, 2023","Lutjanus lemniscatus",0.9581,"http://www.boldsystems.org/index.php/Public_RecordView?processid=GBMND51270-21","Bangladesh",20.6267,92.3325
"380","MIN_1908_GOVG_037A","GBMND51271-21","COI-5P","BOLD: Public Records","BOLD Systems, 2023","Lutjanus lunulatus",0.9581,"http://www.boldsystems.org/index.php/Public_RecordView?processid=GBMND51271-21","Bangladesh",20.6267,92.3325
"381","MIN_1908_GOVG_037A","FOAJ176-09","COI-5P","BOLD: Public Records","BOLD Systems, 2023","Lutjanus lunulatus",0.9581,"http://www.boldsystems.org/index.php/Public_RecordView?processid=FOAJ176-09","Indonesia",-8.75,115.167
"382","MIN_1908_GOVG_037A","FOAM457-10","COI-5P","BOLD: Public Records","BOLD Systems, 2023","Lutjanus papuensis",0.9581,"http://www.boldsystems.org/index.php/Public_RecordView?processid=FOAM457-10","Indonesia",-8.75,115.15
"383","MIN_1908_GOVG_037A","ANGBF38811-19","COI-5P","BOLD: Public Records","BOLD Systems, 2023","Lutjanus lemniscatus",0.9563,"http://www.boldsystems.org/index.php/Public_RecordView?processid=ANGBF38811-19","Malaysia",6.4,100.13
"384","MIN_1908_GOVG_037A","GBMNE86947-22","COI-5P","BOLD: Public Records","BOLD Systems, 2023","Lutjanus fulvus",0.9563,"http://www.boldsystems.org/index.php/Public_RecordView?processid=GBMNE86947-22","",NA,NA
"385","MIN_1908_GOVG_037A","GBMNE86946-22","COI-5P","BOLD: Public Records","BOLD Systems, 2023","Lutjanus fulvus",0.9563,"http://www.boldsystems.org/index.php/Public_RecordView?processid=GBMNE86946-22","",NA,NA
"386","MIN_1908_GOVG_037A","GBMNE86945-22","COI-5P","BOLD: Public Records","BOLD Systems, 2023","Lutjanus fulvus",0.9563,"http://www.boldsystems.org/index.php/Public_RecordView?processid=GBMNE86945-22","",NA,NA
"387","MIN_1908_GOVG_037A","GBMND51268-21","COI-5P","BOLD: Public Records","BOLD Systems, 2023","Lutjanus fulvus",0.9563,"http://www.boldsystems.org/index.php/Public_RecordView?processid=GBMND51268-21","Bangladesh",20.6267,92.3325
"388","MIN_1908_GOVG_037A","GBMNE42137-21","COI-5P","BOLD: Public Records","BOLD Systems, 2023","Lutjanus fulvus",0.9563,"http://www.boldsystems.org/index.php/Public_RecordView?processid=GBMNE42137-21","Pakistan",NA,NA
"389","MIN_1908_GOVG_037A","GBMNE42138-21","COI-5P","BOLD: Public Records","BOLD Systems, 2023","Lutjanus fulvus",0.9563,"http://www.boldsystems.org/index.php/Public_RecordView?processid=GBMNE42138-21","Pakistan",NA,NA
"390","MIN_1908_GOVG_037A","GBMNE42139-21","COI-5P","BOLD: Public Records","BOLD Systems, 2023","Lutjanus fulvus",0.9563,"http://www.boldsystems.org/index.php/Public_RecordView?processid=GBMNE42139-21","Pakistan",NA,NA
"391","MIN_1908_GOVG_037A","GBMNE42140-21","COI-5P","BOLD: Public Records","BOLD Systems, 2023","Lutjanus fulvus",0.9563,"http://www.boldsystems.org/index.php/Public_RecordView?processid=GBMNE42140-21","Pakistan",30.1162,69.0883
"392","MIN_1908_GOVG_037A","GBMNE42141-21","COI-5P","BOLD: Public Records","BOLD Systems, 2023","Lutjanus fulvus",0.9563,"http://www.boldsystems.org/index.php/Public_RecordView?processid=GBMNE42141-21","Pakistan",NA,NA
"393","MIN_1908_GOVG_037A","GBMNE42142-21","COI-5P","BOLD: Public Records","BOLD Systems, 2023","Lutjanus fulvus",0.9563,"http://www.boldsystems.org/index.php/Public_RecordView?processid=GBMNE42142-21","Pakistan",NA,NA
"394","MIN_1908_GOVG_037A","FOAL105-10","COI-5P","BOLD: Public Records","BOLD Systems, 2023","Lutjanus lemniscatus",0.9563,"http://www.boldsystems.org/index.php/Public_RecordView?processid=FOAL105-10","Indonesia",-8.75,115.15
"395","MIN_1908_GOVG_037A","FOAK837-10","COI-5P","BOLD: Public Records","BOLD Systems, 2023","Lutjanus lunulatus",0.9563,"http://www.boldsystems.org/index.php/Public_RecordView?processid=FOAK837-10","Indonesia",-7.03333,106.533
"396","MIN_1908_GOVG_037A","CHFB152-12","COI-5P","BOLD: Public Records","BOLD Systems, 2023","Perciformes",0.9563,"http://www.boldsystems.org/index.php/Public_RecordView?processid=CHFB152-12","Iran",32.906,54.2371
"397","MIN_1908_GOVG_037A","ANGEN169-15","COI-5P","BOLD: Public Records","BOLD Systems, 2023","Lutjanus fulvus",0.9563,"http://www.boldsystems.org/index.php/Public_RecordView?processid=ANGEN169-15","India",20.9,70.37
"398","MIN_1908_GOVG_037A","CHFB142-12","COI-5P","BOLD: Public Records","BOLD Systems, 2023","Perciformes",0.9561,"http://www.boldsystems.org/index.php/Public_RecordView?processid=CHFB142-12","Iran",NA,NA
"399","MIN_1908_GOVG_037A","GBMNE78579-22","COI-5P","BOLD: Public Records","BOLD Systems, 2023","Lutjanus lunulatus",0.9556,"http://www.boldsystems.org/index.php/Public_RecordView?processid=GBMNE78579-22","",NA,NA
"400","MIN_1908_GOVG_037A","GBMNE78564-22","COI-5P","BOLD: Public Records","BOLD Systems, 2023","Lutjanus lemniscatus",0.9556,"http://www.boldsystems.org/index.php/Public_RecordView?processid=GBMNE78564-22","",NA,NA
"401","MIN_1908_GOVG_037A","CHFB151-12","COI-5P","BOLD: Public Records","BOLD Systems, 2023","Perciformes",0.9545,"http://www.boldsystems.org/index.php/Public_RecordView?processid=CHFB151-12","Iran",NA,NA
"402","MIN_1908_GOVG_037A","GBMNE86944-22","COI-5P","BOLD: Public Records","BOLD Systems, 2023","Lutjanus fulvus",0.9545,"http://www.boldsystems.org/index.php/Public_RecordView?processid=GBMNE86944-22","",NA,NA
"403","MIN_1908_GOVG_037A","FOAL104-10","COI-5P","BOLD: Public Records","BOLD Systems, 2023","Lutjanus lemniscatus",0.9545,"http://www.boldsystems.org/index.php/Public_RecordView?processid=FOAL104-10","Indonesia",-8.75,115.15
"404","MIN_1908_GOVG_037A","GBMNC16673-20","COI-5P","BOLD: Public Records","BOLD Systems, 2023","Lutjanus lemniscatus",0.9538,"http://www.boldsystems.org/index.php/Public_RecordView?processid=GBMNC16673-20","India",19.2599,84.9012
"405","MIN_1908_GOVG_037A","GBGCA4538-13","COI-5P","BOLD: Public Records","BOLD Systems, 2023","Pristipomoides multidens",0.9526,"http://www.boldsystems.org/index.php/Public_RecordView?processid=GBGCA4538-13","",NA,NA
"406","MIN_1908_GOVG_037A","GBMNB5453-20","COI-5P","BOLD: Public Records","BOLD Systems, 2023","Lutjanus lemniscatus",0.9526,"http://www.boldsystems.org/index.php/Public_RecordView?processid=GBMNB5453-20","Bangladesh",NA,NA
"407","MIN_1908_GOVG_037A","FOAC004-05","COI-5P","BOLD: Public Records","BOLD Systems, 2023","Lutjanus lemniscatus",0.951,"http://www.boldsystems.org/index.php/Public_RecordView?processid=FOAC004-05","Australia",-12.43,141.017
"408","MIN_1908_GOVG_037A","FOAC002-05","COI-5P","BOLD: Public Records","BOLD Systems, 2023","Lutjanus lemniscatus",0.9508,"http://www.boldsystems.org/index.php/Public_RecordView?processid=FOAC002-05","Australia",-12.43,141.017
"409","MIN_1908_GOVG_037A","FOAC003-05","COI-5P","BOLD: Public Records","BOLD Systems, 2023","Lutjanus lemniscatus",0.9508,"http://www.boldsystems.org/index.php/Public_RecordView?processid=FOAC003-05","Australia",-12.43,141.017
"410","MIN_1908_GOVG_037A","FOAC005-05","COI-5P","BOLD: Public Records","BOLD Systems, 2023","Lutjanus lemniscatus",0.9508,"http://www.boldsystems.org/index.php/Public_RecordView?processid=FOAC005-05","Australia",-12.43,141.017
"411","MIN_1908_GOVG_037A","FOAC001-05","COI-5P","BOLD: Public Records","BOLD Systems, 2023","Lutjanus lemniscatus",0.9508,"http://www.boldsystems.org/index.php/Public_RecordView?processid=FOAC001-05","Australia",-12.43,141.017
"412","MIN_1908_GOVG_037A","ANGBF56185-19","COI-5P","BOLD: Public Records","BOLD Systems, 2023","Lutjanus lemniscatus",0.9508,"http://www.boldsystems.org/index.php/Public_RecordView?processid=ANGBF56185-19","Bangladesh",20.6237,92.3234
"413","MIN_1908_GOVG_037A","ANGBF56186-19","COI-5P","BOLD: Public Records","BOLD Systems, 2023","Lutjanus lemniscatus",0.9508,"http://www.boldsystems.org/index.php/Public_RecordView?processid=ANGBF56186-19","Bangladesh",20.6237,92.3234
"414","MIN_1908_GOVG_037A","ANGBF56187-19","COI-5P","BOLD: Public Records","BOLD Systems, 2023","Lutjanus lemniscatus",0.9508,"http://www.boldsystems.org/index.php/Public_RecordView?processid=ANGBF56187-19","Bangladesh",20.6237,92.3234
"415","MIN_1908_GOVG_037A","ANGBF56188-19","COI-5P","BOLD: Public Records","BOLD Systems, 2023","Lutjanus lemniscatus",0.9508,"http://www.boldsystems.org/index.php/Public_RecordView?processid=ANGBF56188-19","Bangladesh",20.6237,92.3234
