OTU,Process ID,Sampleid,Mean,Max,Taxon,BIN,COI-5P GenBank Accession,Count,NN Dist
OTU-1,MINDA001-23,DNSC_2014_001A,0,0,Paracaesio kusakarii,BOLD:ACZ3984,OR524541,1,10.151515
OTU-2,MINDA002-23,DNSC_2016_001A,0,0,Lutjanus johnii,BOLD:AAC7492,OR524474,1,11.613876
OTU-3,MINDA003-23,DNSC_2017_002A,0,0,Anampses caeruleopunctatus,BOLD:AAB9969,OR524246,1,13.063063
OTU-4,MINDA004-23,DNSC_2017_003A,0,0,Choerodon robustus,BOLD:AAE8972,OR524340,1,7.8817735
OTU-5,MINDA005-23,DNSC_2017_008A,0,0,Thalassoma trilobatum,BOLD:AAC2785,OR524702,1,7.0570574
OTU-6,MINDA006-23,DNSC_2017_010A,0,0,Halichoeres hartzfeldii,BOLD:AAF7735,OR524410,1,15.165165
OTU-7,MINDA007-23,DNSC_2017_012A,0.4398265,0.7092198,Epibulus brevis,BOLD:ACU5795,OR524373,5,10.874704
OTU-7,MINDA240-23,FDP_IGCS_2201_016B,0.4398265,0.7092198,Epibulus brevis,BOLD:ACU5795,OR524374,5,10.874704
OTU-7,MINDA241-23,FDP_IGCS_2201_016C,0.4398265,0.7092198,Epibulus brevis,BOLD:ACU5795,OR524372,5,10.874704
OTU-7,MINDA258-23,FDP_IGCS_2202_019A,0.4398265,0.7092198,Epibulus brevis,BOLD:ACU5795,OR524375,5,10.874704
OTU-7,MINDA489-23,MIN_1910_STAM_015A,0.4398265,0.7092198,Epibulus brevis,BOLD:ACU5795,OR524376,5,10.874704
OTU-8,MINDA008-23,DNSC_2017_013A,0,0,Pseudodax moluccanus,BOLD:AAE8025,OR524602,1,15.465466
OTU-9,MINDA009-23,DNSC_2017_018A,0,0,Anampses meleagrides,BOLD:AAB9954,OR524248,1,13.063063
OTU-10,MINDA010-23,DNSC_2017_020A,0,0,Choerodon zamboangae,BOLD:AAE8971,OR524342,1,7.8817735
OTU-11,MINDA011-23,DNSC_2017_021A,0,0,Stethojulis strigiventer,BOLD:AAE2186,OR524686,1,15.151516
OTU-12,MINDA012-23,DNSC_2017_022A,0,0,Anampses geographicus,BOLD:AAF3922,OR524247,1,14.264265
OTU-13,MINDA013-23,DNSC_2017_023A,0,0,Stethojulis bandanensis,BOLD:ACE9209,OR524685,1,13.484849
OTU-14,MINDA014-23,DNSC_2017_026A,0,0,Parachaetodon ocellatus,BOLD:AAI6223,OR524543,1,14.851485
OTU-15,MINDA015-23,DNSC_2017_028A,0,0,Pygoplites diacanthus,BOLD:AAC3194,OR524611,3,13.513513
OTU-15,MINDA307-23,FDP_MATI_2202_020A,0,0,Pygoplites diacanthus,BOLD:AAC3194,OR524609,3,13.513513
OTU-15,MINDA435-23,MIN_1908_GOVG_042A,0,0,Pygoplites diacanthus,BOLD:AAC3194,OR524610,3,13.513513
OTU-16,MINDA017-23,DNSC_2017_032A,0,0,Heniochus acuminatus,BOLD:AAB5717,OR524422,1,10.673235
OTU-17,MINDA016-23,DNSC_2017_030A,0,0,Choerodon schoenleinii,BOLD:AAB7710,OR524341,1,14.74359
OTU-18,MINDA019-23,DNSC_2017_042A,0,0,Siganus javus,BOLD:AAF4032,OR524671,2,5.882353
OTU-18,MINDA491-23,MIN_1912_TORL_041A,0,0,Siganus javus,BOLD:AAF4032,OR524672,2,5.882353
OTU-19,MINDA018-23,DNSC_2017_039A,0,0,Siganus vermiculatus,BOLD:AAB2342,OR524680,1,3.3033032
OTU-20,MINDA022-23,DNSC_2017_069A,0.31770357,0.49261084,Diagramma pictum,BOLD:AAB9940,OR524364,3,8.888889
OTU-20,MINDA081-23,FDP_GOVG_2202_015A,0.31770357,0.49261084,Diagramma melanacrum,BOLD:AAB9940,OR524362,3,8.888889
OTU-20,MINDA082-23,FDP_GOVG_2202_016A,0.31770357,0.49261084,Diagramma pictum,BOLD:AAB9940,OR524363,3,8.888889
OTU-21,MINDA020-23,DNSC_2017_064A,0.10346886,0.16025642,Plectorhinchus vittatus,BOLD:AAF2980,OR524574,3,5.7777777
OTU-21,MINDA021-23,DNSC_2017_066A,0.10346886,0.16025642,Plectorhinchus lineatus,BOLD:AAF2980,OR524575,3,5.7777777
OTU-21,MINDA289-23,FDP_MATI_2202_002A,0.10346886,0.16025642,Plectorhinchus vittatus,BOLD:AAF2980,OR524573,3,5.7777777
OTU-22,MINDA024-23,DNSC_2017_077A,0,0,Branchiostegus saitoi,BOLD:AFG2565,OR524267,1,15.015015
OTU-23,MINDA023-23,DNSC_2017_072A,0,0,Drepane punctata,BOLD:ACE0592,OR524369,1,14.864865
OTU-24,MINDA026-23,DNSC_2017_084A,0,0,Cephalopholis miniata,BOLD:AAC0216,OR524300,1,3.6036036
OTU-25,MINDA025-23,DNSC_2017_081A,0.15015015,0.15015015,Siganus puellus,BOLD:AAJ6676,OR524673,2,5.185185
OTU-25,MINDA251-23,FDP_IGCS_2202_009A,0.15015015,0.15015015,Siganus puellus,BOLD:AAJ6676,OR524674,2,5.185185
OTU-26,MINDA028-23,DNSC_2017_096A,0,0,Nematalosa nasus,BOLD:AAB2978,OR524514,1,17.272728
OTU-27,MINDA027-23,DNSC_2017_091A,0,0,Canthidermis maculata,BOLD:AAC9669,OR524278,3,12.912912
OTU-27,MINDA262-23,FDP_IGCS_2202_022A,0,0,Canthidermis maculata,BOLD:AAC9669,OR524280,3,12.912912
OTU-27,MINDA263-23,FDP_IGCS_2202_022B,0,0,Canthidermis maculata,BOLD:AAC9669,OR524279,3,12.912912
OTU-28,MINDA030-23,DNSC_2017_110A,0,0,Lutjanus fulviflamma,BOLD:ADF5681,OR524469,1,7.8431377
OTU-29,MINDA029-23,DNSC_2017_105A,0.46983215,0.82101804,Lethrinus olivaceus,BOLD:AAC7352,OR524449,4,11.851851
OTU-29,MINDA109-23,FDP_GOVG_2202_048A,0.46983215,0.82101804,Lethrinus olivaceus,BOLD:AAC7352,OR524452,4,11.851851
OTU-29,MINDA169-23,FDP_GOVG_2208_026A,0.46983215,0.82101804,Lethrinus olivaceus,BOLD:AAC7352,OR524451,4,11.851851
OTU-29,MINDA421-23,MIN_1811_STAC_054A,0.46983215,0.82101804,Lethrinus olivaceus,BOLD:AAC7352,OR524450,4,11.851851
OTU-30,MINDA032-23,DNSC_2017_120A,0,0,Lutjanus malabaricus,BOLD:AAA7595,OR524468,1,8.939394
OTU-31,MINDA031-23,DNSC_2017_115A,0,0,Lutjanus monostigma,BOLD:AAB2907,OR524476,1,7.253886
OTU-32,MINDA035-23,DNSC_2017_126A,0.14994696,0.44444445,Cephalopholis aitha,BOLD:ADL0078,OR524291,4,12.296297
OTU-32,MINDA115-23,FDP_GOVG_2204_010A,0.14994696,0.44444445,Cephalopholis aitha,BOLD:ADL0078,OR524306,4,12.296297
OTU-32,MINDA255-23,FDP_IGCS_2202_014A,0.14994696,0.44444445,Cephalopholis aitha,BOLD:ADL0078,OR524307,4,12.296297
OTU-32,MINDA466-23,MIN_1811_STAC_057A,0.14994696,0.44444445,Cephalopholis aitha,BOLD:ADL0078,OR524305,4,12.296297
OTU-33,MINDA036-23,DNSC_2017_127A,0,0,Plectropomus areolatus,BOLD:AAD0971,OR524577,1,7.8431377
OTU-34,MINDA033-23,DNSC_2017_124A,0,0,Plectropomus leopardus,BOLD:AAC9348,OR524579,1,4.2276425
OTU-35,MINDA034-23,DNSC_2017_125A,0,0,Epinephelus corallicola,BOLD:AAD8682,OR524383,1,5.7057056
OTU-36,MINDA039-23,DNSC_2017_195A,0,0,Abalistes filamentosus,BOLD:AAD4738,OR524226,1,5.9011164
OTU-37,MINDA040-23,DNSC_2018_003A,0.15015015,0.15015015,Xiphocheilus typus,BOLD:ACK6835,OR524721,2,15.465466
OTU-37,MINDA042-23,DNSC_2018_019A,0.15015015,0.15015015,Xiphocheilus typus,BOLD:ACK6835,OR524720,2,15.465466
OTU-38,MINDA037-23,DNSC_2017_132A,0,0,Plectropomus maculatus,BOLD:ACK7859,OR524580,1,4.2276425
OTU-39,MINDA038-23,DNSC_2017_133A,0,0,Epinephelus hexagonatus,BOLD:AAD3458,OR524385,1,10.960961
OTU-40,MINDA044-23,DNSC_2018_038A,0,0,Balistoides conspicillum,BOLD:AAC6874,OR524259,1,11.561562
OTU-41,MINDA045-23,DNSC_2018_039A,0,0,Epinephelus lanceolatus,BOLD:AAD8914,OR524386,1,11.711712
OTU-42,MINDA041-23,DNSC_2018_004A,0,0,Parupeneus crassilabris,BOLD:AAF8279,OR524551,1,8.258259
OTU-43,MINDA043-23,DNSC_2018_023A,0,0,Pomacanthus imperator,BOLD:AAC6186,OR524583,1,15.765765
OTU-44,MINDA048-23,DNSC_2018_061A,0,0,Chaetodon meyeri,BOLD:AAC8622,OR524317,1,13.813814
OTU-45,MINDA049-23,DNSC_2018_062A,0,0,Chaetodon trifascialis,BOLD:AAB9257,OR524322,1,11.711712
OTU-46,MINDA046-23,DNSC_2018_042A,0,0,Plectropomus laevis,BOLD:AAF8874,OR524578,1,4.0650406
OTU-47,MINDA047-23,DNSC_2018_059A,0,0,Hemitaurichthys polylepis,BOLD:AAE4340,OR524421,1,14.114115
OTU-48,MINDA053-23,DNSC_2018_074A,0,0,Chaetodon melannotus,BOLD:AAC2848,OR524316,1,10.197869
OTU-49,MINDA052-23,DNSC_2018_072A,0,0,Centropyge bicolor,BOLD:AAC0137,OR524288,1,12.121212
OTU-50,MINDA051-23,DNSC_2018_065A,0.103987485,0.1618123,Heniochus chrysostomus,BOLD:AAC2123,OR524425,3,10.8771925
OTU-50,MINDA311-23,FDP_MATI_2202_024A,0.103987485,0.1618123,Heniochus chrysostomus,BOLD:AAC2123,OR524424,3,10.8771925
OTU-50,MINDA478-23,MIN_1912_TORL_014A,0.103987485,0.1618123,Heniochus chrysostomus,BOLD:AAC2123,OR524423,3,10.8771925
OTU-51,MINDA050-23,DNSC_2018_064A,0,0,Chaetodon lunulatus,BOLD:AAB7103,OR524315,1,12.312312
OTU-52,MINDA057-23,DNSC_2018_100A,0,0,Sphaeramia nematoptera,BOLD:AAE2471,OR524684,1,15.015015
OTU-53,MINDA056-23,DNSC_2018_095A,0,0,Lutjanus dodecacanthoides,BOLD:AAJ2147,OR524465,1,9.393939
OTU-54,MINDA055-23,DNSC_2018_088A,0,0,Gomphosus varius,BOLD:AAB5841,OR524403,1,9.090909
OTU-55,MINDA054-23,DNSC_2018_081A,0,0,Malacanthus brevirostris,BOLD:AAC4965,OR524484,1,16.066065
OTU-56,MINDA061-23,DNSC_2018_116A,0,0,Chelmon rostratus,BOLD:AAC1139,OR524336,1,14.864865
OTU-57,MINDA060-23,DNSC_2018_115A,0,0,Pomadasys argenteus,BOLD:AAE3165,OR524585,1,13.363363
OTU-58,MINDA059-23,DNSC_2018_103A,0,0,Bodianus dictynna,BOLD:AAF8866,OR524262,1,11.861861
OTU-59,MINDA058-23,DNSC_2018_101A,0,0,Dischistodus perspicillatus,BOLD:ACM4359,OR524366,1,8.558558
OTU-60,MINDA065-23,DNSC_ND_003A,0,0,Novaculoides macrolepidotus,BOLD:AAD8577,OR524530,1,16.366367
OTU-61,MINDA064-23,DNSC_2018_NN_002A,0,0,Cheilinus undulatus,BOLD:AAF3078,OR524330,1,14.114115
OTU-62,MINDA063-23,DNSC_2018_NN_001A,0,0,Epinephelus coeruleopunctatus,BOLD:ADL0994,OR524381,1,5.7057056
OTU-63,MINDA062-23,DNSC_2018_120A,0.45045045,0.45045045,Centropyge vrolikii,BOLD:AAD2580,OR524289,2,12.121212
OTU-63,MINDA382-23,FDP_STAC_2211_009A,0.45045045,0.45045045,Centropyge vrolikii,BOLD:AAD2580,OR524290,2,12.121212
OTU-64,MINDA070-23,DNSC_ND_014A,0,0,Hologymnosus annulatus,BOLD:AAD1381,OR524432,1,14.975845
OTU-65,MINDA071-23,DNSC_ND_040A,0.40179572,0.45454544,Sargocentron rubrum,BOLD:AAB9306,OR524625,3,4.3939395
OTU-65,MINDA295-23,FDP_MATI_2202_008A,0.40179572,0.45454544,Sargocentron melanospilos,BOLD:AAB9306,OR524624,3,4.3939395
OTU-65,MINDA332-23,FDP_SGES_2112_017A,0.40179572,0.45454544,Sargocentron rubrum,BOLD:AAB9306,OR524623,3,4.3939395
OTU-66,MINDA072-23,FDP_GOVG_2202_001A,0.152207,0.152207,Lutjanus gibbus,BOLD:AAB3276,OR524473,2,9.8934555
OTU-66,MINDA173-23,FDP_GOVG_2208_034A,0.152207,0.152207,Lutjanus gibbus,BOLD:AAB3276,OR524472,2,9.8934555
OTU-67,MINDA073-23,FDP_GOVG_2202_002A,0.29629627,0.44444445,Heniochus varius,BOLD:ACK7853,OR524428,4,10.673235
OTU-67,MINDA220-23,FDP_IGCS_2111_024A,0.29629627,0.44444445,Heniochus varius,BOLD:ACK7853,OR524429,4,10.673235
OTU-67,MINDA228-23,FDP_IGCS_2201_004A,0.29629627,0.44444445,Heniochus varius,BOLD:ACK7853,OR524426,4,10.673235
OTU-67,MINDA308-23,FDP_MATI_2202_021A,0.29629627,0.44444445,Heniochus varius,BOLD:ACK7853,OR524427,4,10.673235
OTU-68,MINDA066-23,DNSC_ND_005A,0,0,Macropharyngodon meleagris,BOLD:AAB4278,OR524483,1,15.015015
OTU-69,MINDA067-23,DNSC_ND_006A,0,0,Labropsis manabei,BOLD:ADB4781,OR524434,1,13.963964
OTU-70,MINDA068-23,DNSC_ND_008A,0,0,Thalassoma amblycephalum,BOLD:ADI4249,OR524695,1,7.207207
OTU-71,MINDA069-23,DNSC_ND_012A,0,0,Thalassoma jansenii,BOLD:AAB2327,OR524698,1,7.2398195
OTU-72,MINDA078-23,FDP_GOVG_2202_009A,0.14880952,0.14880952,Myripristis adusta,BOLD:AAC6633,OR524492,2,3.720238
OTU-72,MINDA114-23,FDP_GOVG_2204_007A,0.14880952,0.14880952,Myripristis adusta,BOLD:AAC6633,OR524493,2,3.720238
OTU-73,MINDA079-23,FDP_GOVG_2202_010A,0.099887766,0.15151514,Myripristis violacea,BOLD:AAC6622,OR524503,3,3.720238
OTU-73,MINDA200-23,FDP_IGCS_2111_011A,0.099887766,0.15151514,Myripristis violacea,BOLD:AAC6622,OR524505,3,3.720238
OTU-73,MINDA439-23,MIN_1908_STAC_001A,0.099887766,0.15151514,Myripristis violacea,BOLD:AAC6622,OR524504,3,3.720238
OTU-74,MINDA080-23,FDP_GOVG_2202_011A,0.14814815,0.14814815,Myripristis kuntee,BOLD:AAA9765,OR524494,2,6.666667
OTU-74,MINDA292-23,FDP_MATI_2202_005A,0.14814815,0.14814815,Myripristis kuntee,BOLD:AAA9765,OR524495,2,6.666667
OTU-75,MINDA083-23,FDP_GOVG_2202_017A,0,0,Aphareus rutilans,BOLD:AAB7244,OR524251,1,10.074074
OTU-76,MINDA074-23,FDP_GOVG_2202_003A,0.2962963,0.2962963,Coradion chrysozonus,BOLD:AAI9398,OR524349,2,14.864865
OTU-76,MINDA310-23,FDP_MATI_2202_023A,0.2962963,0.2962963,Coradion chrysozonus,BOLD:AAI9398,OR524348,2,14.864865
OTU-77,MINDA075-23,FDP_GOVG_2202_004A,0,0,Chaetodon unimaculatus,BOLD:AAB3547,OR524323,1,9.925926
OTU-78,MINDA076-23,FDP_GOVG_2202_005A,0,0,Naso brevirostris,BOLD:AAC1635,OR524506,1,3.259259
OTU-79,MINDA077-23,FDP_GOVG_2202_007A,0,0,Naso minor,BOLD:AAZ3798,OR524510,1,9.629629
OTU-80,MINDA089-23,FDP_GOVG_2202_023A,0.2962963,0.2962963,Myripristis berndti,BOLD:AAA9763,OR524500,2,4.2962966
OTU-80,MINDA409-23,FDP_TORL_2206_029A,0.2962963,0.2962963,Myripristis berndti,BOLD:AAA9763,OR524501,2,4.2962966
OTU-81,MINDA088-23,FDP_GOVG_2202_022B,0,0,Nemipterus peronii,BOLD:AAU0855,OR524522,2,2.7149322
OTU-81,MINDA219-23,FDP_IGCS_2111_023B,0,0,Nemipterus peronii,BOLD:AAU0855,OR524524,2,2.7149322
OTU-82,MINDA091-23,FDP_GOVG_2202_025A,0.3703704,0.44444445,Priacanthus blochii,BOLD:ADB4901,OR524590,4,16
OTU-82,MINDA095-23,FDP_GOVG_2202_030A,0.3703704,0.44444445,Priacanthus blochii,BOLD:ADB4901,OR524588,4,16
OTU-82,MINDA119-23,FDP_GOVG_2204_016A,0.3703704,0.44444445,Priacanthus blochii,BOLD:ADB4901,OR524587,4,16
OTU-82,MINDA122-23,FDP_GOVG_2207_001A,0.3703704,0.44444445,Priacanthus blochii,BOLD:ADB4901,OR524589,4,16
OTU-83,MINDA090-23,FDP_GOVG_2202_024A,0.8888889,0.8888889,Heteropriacanthus cruentatus,BOLD:AAB1874,OR524431,2,16.296295
OTU-83,MINDA096-23,FDP_GOVG_2202_031A,0.8888889,0.8888889,Heteropriacanthus cruentatus,BOLD:AAB1874,OR524430,2,16.296295
OTU-84,MINDA085-23,FDP_GOVG_2202_020A,0,0,Scolopsis taenioptera,BOLD:AAB7415,OR524662,1,10.666667
OTU-85,MINDA084-23,FDP_GOVG_2202_018A,0,0,Aprion virescens,BOLD:AAB8692,OR524252,1,13.333334
OTU-86,MINDA087-23,FDP_GOVG_2202_022A,0,0,Nemipterus peronii,BOLD:AAB4692,OR524523,1,2.7149322
OTU-87,MINDA086-23,FDP_GOVG_2202_021A,0.14814815,0.14814815,Scolopsis affinis,BOLD:ACE0206,OR524651,2,9.925926
OTU-87,MINDA343-23,FDP_SGES_2112_027B,0.14814815,0.14814815,Scolopsis affinis,BOLD:ACE0206,OR524649,2,9.925926
OTU-88,MINDA099-23,FDP_GOVG_2202_035A,0.45248872,0.45248872,Cephalopholis cyanostigma,BOLD:AAC0217,OR524295,2,5.4298644
OTU-88,MINDA419-23,MIN_1908_GOVG_049A,0.45248872,0.45248872,Cephalopholis cyanostigma,BOLD:AAC0217,OR524294,2,5.4298644
OTU-89,MINDA098-23,FDP_GOVG_2202_034A,0.14814815,0.14814815,Siganus punctatus,BOLD:AAB2341,OR524676,2,3.7037036
OTU-89,MINDA299-23,FDP_MATI_2202_012A,0.14814815,0.14814815,Siganus punctatus,BOLD:AAB2341,OR524677,2,3.7037036
OTU-90,MINDA101-23,FDP_GOVG_2202_038A,0,0,Variola louti,BOLD:AAC5719,OR524719,1,7.4074073
OTU-91,MINDA100-23,FDP_GOVG_2202_037A,0,0,Epinephelus bontoides,BOLD:AAB8390,OR524380,1,8.446456
OTU-92,MINDA093-23,FDP_GOVG_2202_027A,0,0,Upeneus vittatus,BOLD:ACV4665,OR524715,1,7.638889
OTU-93,MINDA092-23,FDP_GOVG_2202_026A,0.22902612,0.35273367,Mulloidichthys flavolineatus,BOLD:AAB2592,OR524490,3,12.444445
OTU-93,MINDA318-23,FDP_SGES_2112_002A,0.22902612,0.35273367,Mulloidichthys flavolineatus,BOLD:AAB2592,OR524491,3,12.444445
OTU-93,MINDA422-23,MIN_1908_STAC_011A,0.22902612,0.35273367,Mulloidichthys flavolineatus,BOLD:AAB2592,OR524489,3,12.444445
OTU-94,MINDA097-23,FDP_GOVG_2202_032A,0,0,Lutjanus bohar,BOLD:AAB4501,OR524463,1,9.8934555
OTU-95,MINDA094-23,FDP_GOVG_2202_029A,0,0,Parupeneus heptacanthus,BOLD:AAB2589,OR524553,1,11.555555
OTU-96,MINDA108-23,FDP_GOVG_2202_047A,0,0,Lethrinus reticulatus,BOLD:AAB6437,OR524438,1,8.7378645
OTU-97,MINDA110-23,FDP_GOVG_2204_002A,0,0,Plectorhinchus chaetodonoides,BOLD:AAC4004,OR524568,1,8
OTU-98,MINDA106-23,FDP_GOVG_2202_044A,0.721723,1.4634147,Lethrinus semicinctus,BOLD:ADY9995,OR524455,3,13.157895
OTU-98,MINDA365-23,FDP_SGES_2112_043A,0.721723,1.4634147,Lethrinus semicinctus,BOLD:ADY9995,OR524457,3,13.157895
OTU-98,MINDA366-23,FDP_SGES_2112_043B,0.721723,1.4634147,Lethrinus semicinctus,BOLD:ADY9995,OR524456,3,13.157895
OTU-99,MINDA107-23,FDP_GOVG_2202_046A,0,0,Lethrinus obsoletus,BOLD:AAC1522,OR524448,1,8.641975
OTU-100,MINDA104-23,FDP_GOVG_2202_042A,1.3333334,1.3333334,Lethrinus atkinsoni,BOLD:ABY5451,OR524439,2,8.333334
OTU-100,MINDA338-23,FDP_SGES_2112_024A,1.3333334,1.3333334,Lethrinus atkinsoni,BOLD:ABY5451,OR524440,2,8.333334
OTU-101,MINDA105-23,FDP_GOVG_2202_043A,0,0,Gymnocranius elongatus,BOLD:AAB5194,OR524404,1,9.925926
OTU-102,MINDA102-23,FDP_GOVG_2202_039A,0,0,Epinephelus polyphekadion,BOLD:AAD8873,OR524389,1,8.888889
OTU-103,MINDA103-23,FDP_GOVG_2202_040A,0.45045045,0.45045045,Balistoides viridescens,BOLD:AAD0474,OR524260,2,13.62963
OTU-103,MINDA387-23,FDP_STAC_2211_021A,0.45045045,0.45045045,Pseudobalistes flavimarginatus,BOLD:AAD0474,OR524600,2,13.62963
OTU-104,MINDA120-23,FDP_GOVG_2204_017A,0,0,Naso vlamingii,BOLD:AAE3624,OR524513,1,3.259259
OTU-105,MINDA121-23,FDP_GOVG_2204_023A,0,0,Scarus tricolor,BOLD:ACY5251,OR524647,1,3.1111112
OTU-106,MINDA117-23,FDP_GOVG_2204_013A,0.34567901,0.5925926,Siganus vulpinus,BOLD:AAD9299,OR524682,4,3.7037036
OTU-106,MINDA212-23,FDP_IGCS_2111_020A,0.34567901,0.5925926,Siganus vulpinus,BOLD:AAD9299,OR524683,4,3.7037036
OTU-106,MINDA213-23,FDP_IGCS_2111_020B,0.34567901,0.5925926,Siganus vulpinus,BOLD:AAD9299,OR524681,4,3.7037036
OTU-106,MINDA300-23,FDP_MATI_2202_013A,0.34567901,0.5925926,Siganus unimaculatus,BOLD:AAD9299,OR524679,4,3.7037036
OTU-107,MINDA118-23,FDP_GOVG_2204_014A,0,0,Siganus punctatissimus,BOLD:AAJ6675,OR524675,1,5.185185
OTU-108,MINDA113-23,FDP_GOVG_2204_005A,0.17283952,0.2962963,Myripristis hexagona,BOLD:AAF9624,OR524496,4,6.10119
OTU-108,MINDA224-23,FDP_IGCS_2201_001A,0.17283952,0.2962963,Myripristis hexagona,BOLD:AAF9624,OR524499,4,6.10119
OTU-108,MINDA225-23,FDP_IGCS_2201_001C,0.17283952,0.2962963,Myripristis hexagona,BOLD:AAF9624,OR524497,4,6.10119
OTU-108,MINDA294-23,FDP_MATI_2202_007A,0.17283952,0.2962963,Myripristis hexagona,BOLD:AAF9624,OR524498,4,6.10119
OTU-109,MINDA116-23,FDP_GOVG_2204_012A,0.8888889,0.8888889,Siganus doliatus,BOLD:AAC8755,OR524670,2,3.3033032
OTU-109,MINDA252-23,FDP_IGCS_2202_010A,0.8888889,0.8888889,Siganus corallinus,BOLD:AAC8755,OR524669,2,3.3033032
OTU-110,MINDA111-23,FDP_GOVG_2204_003A,0,0,Lethrinus erythracanthus,BOLD:AAJ2540,OR524442,2,11.703704
OTU-110,MINDA155-23,FDP_GOVG_2207_057A,0,0,Lethrinus erythracanthus,BOLD:AAJ2540,OR524441,2,11.703704
OTU-111,MINDA112-23,FDP_GOVG_2204_004A,0.7407407,0.7407407,Sargocentron caudimaculatum,BOLD:AEZ5902,OR524618,2,9.090909
OTU-111,MINDA226-23,FDP_IGCS_2201_002A,0.7407407,0.7407407,Sargocentron spiniferum,BOLD:AEZ5902,OR524626,2,9.090909
OTU-112,MINDA130-23,FDP_GOVG_2207_013A,0.34542313,0.34542313,Pristipomoides auricilla,BOLD:AAC7623,OR524594,2,9.037037
OTU-112,MINDA348-23,FDP_SGES_2112_031A,0.34542313,0.34542313,Pristipomoides auricilla,BOLD:AAC7623,OR524593,2,9.037037
OTU-113,MINDA129-23,FDP_GOVG_2207_012A,0,0,Chelidoperca santosi,BOLD:AFF2935,OR524335,1,16.181229
OTU-114,MINDA128-23,FDP_GOVG_2207_010A,0,0,Odontanthias chrysostictus,BOLD:AAI3520,OR524532,1,15.25926
OTU-115,MINDA127-23,FDP_GOVG_2207_009A,0,0,Cephalopholis polleni,BOLD:AAK0631,OR524301,1,13.574661
OTU-116,MINDA126-23,FDP_GOVG_2207_006A,0,0,Alectis ciliaris,BOLD:AAB7827,OR524240,1,10.51051
OTU-117,MINDA125-23,FDP_GOVG_2207_005A,0,0,Gymnosarda unicolor,BOLD:AAD6592,OR524406,1,13.636364
OTU-118,MINDA124-23,FDP_GOVG_2207_004A,0,0,Parascolopsis eriomma,BOLD:AAU4592,OR524544,1,9.037037
OTU-119,MINDA123-23,FDP_GOVG_2207_003A,0,0,Oxycheilinus arenatus,BOLD:AAI5462,OR524536,1,11.555555
OTU-120,MINDA139-23,FDP_GOVG_2207_023A,0,0,Parupeneus pleurostigma,BOLD:AAD6266,OR524558,1,13.423832
OTU-121,MINDA138-23,FDP_GOVG_2207_020A,0,0,Etelis radiosus,BOLD:AAC8839,OR524392,1,6.518518
OTU-122,MINDA137-23,FDP_GOVG_2207_019A,0,0,Malacanthus latovittatus,BOLD:AAF8867,OR524485,1,16.066065
OTU-123,MINDA136-23,FDP_GOVG_2207_018A,0,0,Pristipomoides filamentosus,BOLD:AAB4096,OR524595,1,8.444444
OTU-124,MINDA135-23,FDP_GOVG_2207_017A,0,0,Ariomma brevimanum,BOLD:AAJ8182,OR524253,1,14.37037
OTU-125,MINDA134-23,FDP_GOVG_2207_016A,0,0,Etelis coruscans,BOLD:AAC6439,OR524393,1,6.518518
OTU-126,MINDA133-23,FDP_GOVG_2207_015A,0,0,Nemipterus furcosus,BOLD:AAF2306,OR524518,1,8.740741
OTU-127,MINDA131-23,FDP_GOVG_2207_014A,0.14814815,0.14814815,Symphysanodontidae,BOLD:AFG6523,OR524692,2,14.393939
OTU-127,MINDA132-23,FDP_GOVG_2207_014B,0.14814815,0.14814815,Symphysanodontidae,BOLD:AFG6523,OR524691,2,14.393939
OTU-128,MINDA149-23,FDP_GOVG_2207_041A,0,0,Liopropoma sp.,BOLD:AFG4011,OR524458,1,16.515152
OTU-129,MINDA148-23,FDP_GOVG_2207_040A,0.3003003,0.3003003,Lutjanus argentimaculatus,BOLD:AAB2440,OR524460,2,10.51051
OTU-129,MINDA171-23,FDP_GOVG_2208_031A,0.3003003,0.3003003,Lutjanus argentimaculatus,BOLD:AAB2440,OR524461,2,10.51051
OTU-130,MINDA151-23,FDP_GOVG_2207_049A,0,0,Scarus forsteni,BOLD:AAE4369,OR524639,1,3.1111112
OTU-131,MINDA150-23,FDP_GOVG_2207_043A,0.2962963,0.2962963,Odonus niger,BOLD:AAB5804,OR524534,2,11.711712
OTU-131,MINDA306-23,FDP_MATI_2202_019A,0.2962963,0.2962963,Odonus niger,BOLD:AAB5804,OR524533,2,11.711712
OTU-132,MINDA153-23,FDP_GOVG_2207_053A,0,0,Promethichthys prometheus,BOLD:ACC0334,OR524598,1,16.592592
OTU-133,MINDA152-23,FDP_GOVG_2207_051A,0,0,Saloptia powelli,BOLD:AAX9247,OR524617,1,12.62136
OTU-134,MINDA156-23,FDP_GOVG_2207_058A,0,0,Lutjanus bengalensis,BOLD:AAB7901,OR524462,1,5.7777777
OTU-135,MINDA154-23,FDP_GOVG_2207_055A,0,0,Epinephelus maculatus,BOLD:AAE1869,OR524387,1,12.217195
OTU-136,MINDA141-23,FDP_GOVG_2207_031A,0,0,Emmelichthys struhsakeri,BOLD:AAE9975,OR524371,1,12.74074
OTU-137,MINDA140-23,FDP_GOVG_2207_025A,0.6319115,0.6319115,Balistapus undulatus,BOLD:AAC2755,OR524257,2,12.462462
OTU-137,MINDA441-23,MIN_1908_STAC_004A,0.6319115,0.6319115,Balistapus undulatus,BOLD:AAC2755,OR524258,2,12.462462
OTU-138,MINDA143-23,FDP_GOVG_2207_034A,0,0,Priacanthus tayenus,BOLD:ACF1742,OR524591,1,16
OTU-139,MINDA142-23,FDP_GOVG_2207_033A,0,0,Nemipterus balinensoides,BOLD:AEH7012,OR524515,1,12.888889
OTU-140,MINDA145-23,FDP_GOVG_2207_037A,0,0,Acanthurus olivaceus,BOLD:AAC6423,OR524236,1,7.575758
OTU-141,MINDA144-23,FDP_GOVG_2207_036A,0,0,Caranx sexfasciatus,BOLD:AAB0584,OR524287,1,5.7471266
OTU-142,MINDA147-23,FDP_GOVG_2207_039A,0,0,Parascolopsis melanophrys,BOLD:ADL4308,OR524546,1,7.851852
OTU-143,MINDA146-23,FDP_GOVG_2207_038A,0,0,Naso lituratus,BOLD:AAA8635,OR524509,1,6.962963
OTU-144,MINDA166-23,FDP_GOVG_2208_011A,0,0,Craterognathus plagiotaenia,BOLD:AAE7644,OR524281,1,10
OTU-145,MINDA167-23,FDP_GOVG_2208_017A,0,0,Lutjanus vitta,BOLD:AAB5459,OR524481,1,6.6066065
OTU-146,MINDA168-23,FDP_GOVG_2208_024A,0,0,Sufflamen chrysopterum,BOLD:AAB1339,OR524690,1,14.414414
OTU-147,MINDA170-23,FDP_GOVG_2208_027A,0,0,Monotaxis heterodon,BOLD:AAC3268,OR524488,1,7.61035
OTU-148,MINDA172-23,FDP_GOVG_2208_032A,0,0,Lutjanus sebae,BOLD:AAB5388,OR524479,1,10.151515
OTU-149,MINDA174-23,FDP_GOVG_2208_035A,0,0,Lutjanus timoriensis,BOLD:AAJ2671,OR524480,1,9.393939
OTU-150,MINDA175-23,FDP_GOVG_2208_039A,0.15082957,0.15082957,Cubiceps pauciradiatus,BOLD:AAC6698,OR524357,2,12.575758
OTU-150,MINDA487-23,MIN_1912_TORL_031A,0.15082957,0.15082957,Cubiceps pauciradiatus,BOLD:AAC6698,OR524358,2,12.575758
OTU-151,MINDA176-23,FDP_GOVG_2208_040A,0,0,Lobotes surinamensis,BOLD:AAC1878,OR524459,1,16.066065
OTU-152,MINDA157-23,FDP_GOVG_2207_059A,0,0,Lutjanus rufolineatus,BOLD:AAF7731,OR524478,1,5.7777777
OTU-153,MINDA158-23,FDP_GOVG_2207_060A,0,0,Aethaloperca rogaa,BOLD:AAD9665,OR524239,1,11.851851
OTU-154,MINDA159-23,FDP_GOVG_2207_064A,0,0,Cheilinus chlorourus,BOLD:AAB4185,OR524325,1,8.888889
OTU-155,MINDA160-23,FDP_GOVG_2207_065A,0.44444445,0.44444445,Scarus chameleon,BOLD:AAF2319,OR524631,2,7.0889897
OTU-155,MINDA161-23,FDP_GOVG_2207_066A,0.44444445,0.44444445,Scarus chameleon,BOLD:AAF2319,OR524632,2,7.0889897
OTU-156,MINDA162-23,FDP_GOVG_2208_001A,0,0,Symphysanodon typus,BOLD:AAV8414,OR524693,1,14.393939
OTU-157,MINDA163-23,FDP_GOVG_2208_002A,0,0,Paracaesio xanthura,BOLD:AAI6821,OR524542,1,10.151515
OTU-158,MINDA164-23,FDP_GOVG_2208_003A,0,0,Atule mate,BOLD:AAI7885,OR524255,1,11.861861
OTU-159,MINDA165-23,FDP_GOVG_2208_010A,0,0,Ferdauia ferdau,BOLD:AAE7640,OR524282,1,11.46789
OTU-160,MINDA188-23,FDP_GOVG_2209_010A,0,0,Tylosurus sp.,BOLD:AAH7713,OR524707,1,10.0917425
OTU-161,MINDA187-23,FDP_GOVG_2209_007A,0,0,Trachinotus baillonii,BOLD:AAC0922,OR524705,1,15.596331
OTU-162,MINDA186-23,FDP_GOVG_2209_006A,0,0,Aurigequula fasciata,BOLD:AAB2489,OR524256,1,11.561562
OTU-163,MINDA185-23,FDP_GOVG_2209_004A,0,0,Leptojulis urostigma,BOLD:ADT2166,OR524436,1,14.864865
OTU-164,MINDA193-23,FDP_IGCS_2111_001A,0,0,Stethojulis trilineata,BOLD:ADB4782,OR524689,3,13.484849
OTU-164,MINDA194-23,FDP_IGCS_2111_001B,0,0,Stethojulis trilineata,BOLD:ADB4782,OR524687,3,13.484849
OTU-164,MINDA301-23,FDP_MATI_2202_014A,0,0,Stethojulis trilineata,BOLD:ADB4782,OR524688,3,13.484849
OTU-165,MINDA192-23,FDP_IGCS_2110_003A,0.34634638,0.72072077,Scarus dimidiatus,BOLD:AAD7038,OR524637,5,5.4814816
OTU-165,MINDA216-23,FDP_IGCS_2111_022A,0.34634638,0.72072077,Scarus dimidiatus,BOLD:AAD7038,OR524636,5,5.4814816
OTU-165,MINDA217-23,FDP_IGCS_2111_022B,0.34634638,0.72072077,Scarus dimidiatus,BOLD:AAD7038,OR524635,5,5.4814816
OTU-165,MINDA254-23,FDP_IGCS_2202_012A,0.34634638,0.72072077,Scarus dimidiatus,BOLD:AAD7038,OR524634,5,5.4814816
OTU-165,MINDA325-23,FDP_SGES_2112_010B,0.34634638,0.72072077,Scarus dimidiatus,BOLD:AAD7038,OR524633,5,5.4814816
OTU-166,MINDA190-23,FDP_IGCS_2110_001A,0.14814815,0.14814815,Plectorhinchus albovittatus,BOLD:AAF3072,OR524570,2,9.629629
OTU-166,MINDA191-23,FDP_IGCS_2110_001B,0.14814815,0.14814815,Plectorhinchus albovittatus,BOLD:AAF3072,OR524569,2,9.629629
OTU-167,MINDA189-23,FDP_GOVG_2209_011A,0,0,Amphiprion clarkii,BOLD:AAC1383,OR524244,1,4.504504
OTU-168,MINDA180-23,FDP_GOVG_2208_049A,0,0,Chlorurus japanensis,BOLD:ACK7947,OR524338,1,8.939394
OTU-169,MINDA179-23,FDP_GOVG_2208_048A,0,0,Scarus flavipectoralis,BOLD:AAE9521,OR524638,1,3.0165913
OTU-170,MINDA178-23,FDP_GOVG_2208_047A,0.45454544,0.45454544,Hemigymnus fasciatus,BOLD:AAB8144,OR524419,2,9.061488
OTU-170,MINDA430-23,MIN_1908_GOVG_033A,0.45454544,0.45454544,Hemigymnus fasciatus,BOLD:AAB8144,OR524418,2,9.061488
OTU-171,MINDA177-23,FDP_GOVG_2208_046A,0,0,Halichoeres hortulanus,BOLD:AAB3085,OR524411,1,13.963964
OTU-172,MINDA184-23,FDP_GOVG_2209_003A,0,0,Oxycheilinus bimaculatus,BOLD:AAC7530,OR524537,1,13.663663
OTU-173,MINDA183-23,FDP_GOVG_2209_002A,0,0,Iniistius bimaculatus,BOLD:ACT0048,OR524433,1,16.440422
OTU-174,MINDA182-23,FDP_GOVG_2208_051A,0.30165914,0.30165914,Scarus quoyi,BOLD:AAD0850,OR524645,2,6.456456
OTU-174,MINDA465-23,MIN_1811_STAC_045A,0.30165914,0.30165914,Scarus quoyi,BOLD:AAD0850,OR524644,2,6.456456
OTU-175,MINDA181-23,FDP_GOVG_2208_050A,0,0,Chlorurus spilurus,BOLD:AAB6670,OR524630,1,8.636364
OTU-176,MINDA208-23,FDP_IGCS_2111_017A,0,0,Epinephelus ongus,BOLD:AAC2802,OR524388,1,8.708709
OTU-177,MINDA209-23,FDP_IGCS_2111_018A,0,0,Parupeneus barberinus,BOLD:AAB5979,OR524548,3,2.7149322
OTU-177,MINDA319-23,FDP_SGES_2112_003B,0,0,Parupeneus barberinus,BOLD:AAB5979,OR524550,3,2.7149322
OTU-177,MINDA450-23,MIN_1908_STAC_023A,0,0,Parupeneus barberinus,BOLD:AAB5979,OR524549,3,2.7149322
OTU-178,MINDA206-23,FDP_IGCS_2111_015A,0,0,Diploprion bifasciatum,BOLD:AAC9922,OR524365,1,16.516518
OTU-179,MINDA207-23,FDP_IGCS_2111_016A,0.96618354,0.96618354,Cephalopholis microprion,BOLD:AAF0629,OR524298,2,5.4298644
OTU-179,MINDA449-23,MIN_1908_STAC_019A,0.96618354,0.96618354,Cephalopholis microprion,BOLD:AAF0629,OR524299,2,5.4298644
OTU-180,MINDA218-23,FDP_IGCS_2111_023A,0,0,Nemipterus zysron,BOLD:AAD1868,OR524526,2,14.962962
OTU-180,MINDA445-23,MIN_1912_TORL_019A,0,0,Nemipterus zysron,BOLD:AAD1868,OR524525,2,14.962962
OTU-181,MINDA221-23,FDP_IGCS_2111_025A,0,0,Choerodon zosterophorus,BOLD:AAF3587,OR524343,1,15.465466
OTU-182,MINDA210-23,FDP_IGCS_2111_019A,0.2962963,0.44444445,Scolopsis margaritifera,BOLD:AAI0755,OR524661,3,12.148148
OTU-182,MINDA211-23,FDP_IGCS_2111_019C,0.2962963,0.44444445,Scolopsis margaritifera,BOLD:AAI0755,OR524659,3,12.148148
OTU-182,MINDA230-23,FDP_IGCS_2201_007A,0.2962963,0.44444445,Scolopsis margaritifera,BOLD:AAI0755,OR524660,3,12.148148
OTU-183,MINDA214-23,FDP_IGCS_2111_021A,0.32520327,0.4878049,Abudefduf vaigiensis,BOLD:ACK8109,OR524230,3,3.9039037
OTU-183,MINDA215-23,FDP_IGCS_2111_021B,0.32520327,0.4878049,Abudefduf vaigiensis,BOLD:ACK8109,OR524229,3,3.9039037
OTU-183,MINDA472-23,MIN_1912_TORL_001A,0.32520327,0.4878049,Abudefduf vaigiensis,BOLD:ACK8109,OR524231,3,3.9039037
OTU-184,MINDA197-23,FDP_IGCS_2111_004A,0,0,Halichoeres chloropterus,BOLD:AAC5863,OR524409,2,13.030302
OTU-184,MINDA238-23,FDP_IGCS_2201_014A,0,0,Halichoeres chloropterus,BOLD:AAC5863,OR524408,2,13.030302
OTU-185,MINDA198-23,FDP_IGCS_2111_006A,0,0,Chaetodon vagabundus,BOLD:AAB3198,OR524324,1,2.6272578
OTU-186,MINDA195-23,FDP_IGCS_2111_002A,0.14814815,0.14814815,Halichoeres scapularis,BOLD:AAC0139,OR524415,2,14.414414
OTU-186,MINDA302-23,FDP_MATI_2202_015A,0.14814815,0.14814815,Halichoeres scapularis,BOLD:AAC0139,OR524414,2,14.414414
OTU-187,MINDA196-23,FDP_IGCS_2111_003A,0.30165914,0.30165914,Thalassoma hardwicke,BOLD:AAB0061,OR524697,2,7.2398195
OTU-187,MINDA444-23,MIN_1908_STAC_009A,0.30165914,0.30165914,Thalassoma hardwicke,BOLD:AAB0061,OR524696,2,7.2398195
OTU-188,MINDA202-23,FDP_IGCS_2111_013A,0.10154756,0.15649453,Variola albimarginata,BOLD:AAC9675,OR524716,3,7.4074073
OTU-188,MINDA203-23,FDP_IGCS_2111_013C,0.10154756,0.15649453,Variola albimarginata,BOLD:AAC9675,OR524718,3,7.4074073
OTU-188,MINDA323-23,FDP_SGES_2112_008A,0.10154756,0.15649453,Variola albimarginata,BOLD:AAC9675,OR524717,3,7.4074073
OTU-189,MINDA204-23,FDP_IGCS_2111_014A,0.14814815,0.14814815,Anyperodon leucogrammicus,BOLD:AAC8327,OR524249,2,10.814815
OTU-189,MINDA205-23,FDP_IGCS_2111_014B,0.14814815,0.14814815,Anyperodon leucogrammicus,BOLD:AAC8327,OR524250,2,10.814815
OTU-190,MINDA199-23,FDP_IGCS_2111_010A,0.30864197,0.30864197,Naso hexacanthus,BOLD:AAE3577,OR524508,2,5.631659
OTU-190,MINDA429-23,MIN_1908_GOVG_030A,0.30864197,0.30864197,Naso hexacanthus,BOLD:AAE3577,OR524507,2,5.631659
OTU-191,MINDA201-23,FDP_IGCS_2111_012A,0,0,Cantherhines pardalis,BOLD:AAB9564,OR524277,1,16
OTU-192,MINDA250-23,FDP_IGCS_2202_008A,0.45454544,0.45454544,Cheilio inermis,BOLD:AAA6101,OR524332,2,16
OTU-192,MINDA446-23,MIN_1908_STAC_012A,0.45454544,0.45454544,Cheilio inermis,BOLD:AAA6101,OR524331,2,16
OTU-193,MINDA246-23,FDP_IGCS_2202_001A,0.29629633,0.44444445,Pterocaesio tessellata,BOLD:AAH7943,OR524608,3,3.5555556
OTU-193,MINDA247-23,FDP_IGCS_2202_001B,0.29629633,0.44444445,Pterocaesio tessellata,BOLD:AAH7943,OR524606,3,3.5555556
OTU-193,MINDA248-23,FDP_IGCS_2202_002A,0.29629633,0.44444445,Pterocaesio tessellata,BOLD:AAH7943,OR524607,3,3.5555556
OTU-194,MINDA256-23,FDP_IGCS_2202_016A,0.5925926,0.5925926,Cephalopholis sexmaculata,BOLD:AAE4051,OR524303,2,3.6036036
OTU-194,MINDA257-23,FDP_IGCS_2202_016B,0.5925926,0.5925926,Cephalopholis sexmaculata,BOLD:AAE4051,OR524302,2,3.6036036
OTU-195,MINDA253-23,FDP_IGCS_2202_011A,0,0,Scarus ghobban,BOLD:AAB3544,OR524640,1,6.074074
OTU-196,MINDA242-23,FDP_IGCS_2201_017A,0.14814815,0.14814815,Salarias fasciatus,BOLD:AAB7189,OR524616,2,16
OTU-196,MINDA243-23,FDP_IGCS_2201_017B,0.14814815,0.14814815,Salarias fasciatus,BOLD:AAB7189,OR524615,2,16
OTU-197,MINDA239-23,FDP_IGCS_2201_015A,0,0,Cheilinus fasciatus,BOLD:AAB7821,OR524326,1,10.874704
OTU-198,MINDA245-23,FDP_IGCS_2201_019B,0,0,Calotomus spinidens,BOLD:AAD4765,OR524275,2,13.037036
OTU-198,MINDA303-23,FDP_MATI_2202_016A,0,0,Calotomus spinidens,BOLD:AAD4765,OR524276,2,13.037036
OTU-199,MINDA244-23,FDP_IGCS_2201_019A,0,0,Calotomus carolinus,BOLD:ADI4703,OR524272,3,13.037036
OTU-199,MINDA327-23,FDP_SGES_2112_012A,0,0,Calotomus carolinus,BOLD:ADI4703,OR524274,3,13.037036
OTU-199,MINDA328-23,FDP_SGES_2112_013A,0,0,Calotomus carolinus,BOLD:ADI4703,OR524273,3,13.037036
OTU-200,MINDA233-23,FDP_IGCS_2201_010A,0,0,Caesio cuning,BOLD:AAD1988,OR524270,1,8.148148
OTU-201,MINDA231-23,FDP_IGCS_2201_009A,0.2962963,0.2962963,Pterocaesio pisang,BOLD:ABY6809,OR524604,2,3.5555556
OTU-201,MINDA232-23,FDP_IGCS_2201_009B,0.2962963,0.2962963,Pterocaesio pisang,BOLD:ABY6809,OR524605,2,3.5555556
OTU-202,MINDA236-23,FDP_IGCS_2201_013A,0.5432099,0.8888889,Upeneus tragula,BOLD:AAB9327,OR524714,4,13.273003
OTU-202,MINDA237-23,FDP_IGCS_2201_013B,0.5432099,0.8888889,Upeneus tragula,BOLD:AAB9327,OR524713,4,13.273003
OTU-202,MINDA249-23,FDP_IGCS_2202_004A,0.5432099,0.8888889,Upeneus tragula,BOLD:AAB9327,OR524711,4,13.273003
OTU-202,MINDA361-23,FDP_SGES_2112_039A,0.5432099,0.8888889,Upeneus tragula,BOLD:AAB9327,OR524712,4,13.273003
OTU-203,MINDA234-23,FDP_IGCS_2201_011A,0.44510388,0.44510388,Rastrelliger kanagurta,BOLD:AAA9666,OR524612,2,15.488722
OTU-203,MINDA235-23,FDP_IGCS_2201_011B,0.44510388,0.44510388,Rastrelliger kanagurta,BOLD:AAA9666,OR524613,2,15.488722
OTU-204,MINDA223-23,FDP_IGCS_2112_001A,0,0,Parupeneus cyclostomus,BOLD:AAD1433,OR524552,1,12.148148
OTU-205,MINDA222-23,FDP_IGCS_2111_027A,0,0,Naso unicornis,BOLD:AAC8042,OR524512,1,6.962963
OTU-206,MINDA229-23,FDP_IGCS_2201_005A,0,0,Ctenochaetus striatus,BOLD:AAB9167,OR524354,2,8.371386
OTU-206,MINDA424-23,MIN_1811_STAC_059A,0,0,Ctenochaetus striatus,BOLD:AAB9167,OR524353,2,8.371386
OTU-207,MINDA227-23,FDP_IGCS_2201_003A,0.14814815,0.14814815,Chaetodon oxycephalus,BOLD:AFF7709,OR524318,2,6.3063064
OTU-207,MINDA309-23,FDP_MATI_2202_022A,0.14814815,0.14814815,Chaetodon oxycephalus,BOLD:AFF7709,OR524319,2,6.3063064
OTU-208,MINDA275-23,FDP_IGCS_2202_042A,0,0,Platax pinnatus,BOLD:AAE4532,OR524566,1,11.161387
OTU-209,MINDA276-23,FDP_IGCS_2202_043A,0.14814815,0.14814815,Plectorhinchus polytaenia,BOLD:AAF3014,OR524572,2,5.7777777
OTU-209,MINDA277-23,FDP_IGCS_2202_043B,0.14814815,0.14814815,Plectorhinchus polytaenia,BOLD:AAF3014,OR524571,2,5.7777777
OTU-210,MINDA278-23,FDP_IGCS_2202_044A,0,0,Plectorhinchus vittatus,BOLD:AAE2795,OR524576,1,8.740741
OTU-211,MINDA279-23,FDP_IGCS_2202_046A,0.21680216,0.32520324,Chaetodon baronessa,BOLD:AAD9265,OR524311,3,12.912912
OTU-211,MINDA280-23,FDP_IGCS_2202_046B,0.21680216,0.32520324,Chaetodon baronessa,BOLD:AAD9265,OR524310,3,12.912912
OTU-211,MINDA281-23,FDP_IGCS_2202_046C,0.21680216,0.32520324,Chaetodon baronessa,BOLD:AAD9265,OR524312,3,12.912912
OTU-212,MINDA271-23,FDP_IGCS_2202_037A,0,0,Ctenochaetus binotatus,BOLD:AAB9166,OR524352,1,6.4856715
OTU-213,MINDA272-23,FDP_IGCS_2202_038A,0,0,Oxycheilinus digramma,BOLD:AAC0639,OR524539,1,11.555555
OTU-214,MINDA273-23,FDP_IGCS_2202_039A,0,0,Halichoeres melanurus,BOLD:AAB9379,OR524413,1,10.222222
OTU-215,MINDA274-23,FDP_IGCS_2202_041A,0,0,Planiliza melinoptera,BOLD:AAO1670,OR524564,1,14.962962
OTU-216,MINDA266-23,FDP_IGCS_2202_031A,0,0,Leptoscarus vaigiensis,BOLD:AAD0896,OR524437,1,15.9159155
OTU-217,MINDA267-23,FDP_IGCS_2202_032A,0,0,Scorpaenopsis papuensis,BOLD:AAJ5778,OR524663,1,12.706271
OTU-218,MINDA268-23,FDP_IGCS_2202_035A,0,0,Dischistodus chrysopoecilus,BOLD:AAD3763,OR524368,2,8.558558
OTU-218,MINDA269-23,FDP_IGCS_2202_035B,0,0,Dischistodus chrysopoecilus,BOLD:AAD3763,OR524367,2,8.558558
OTU-219,MINDA270-23,FDP_IGCS_2202_036A,0,0,Zebrasoma velifer,BOLD:AAB3789,OR524723,1,14.090909
OTU-220,MINDA259-23,FDP_IGCS_2202_020A,0,0,Aluterus scriptus,BOLD:AAD0081,OR524241,1,16.066065
OTU-221,MINDA260-23,FDP_IGCS_2202_021A,0.14814815,0.14814815,Toxotes jaculatrix,BOLD:AAI0481,OR524704,2,16.666668
OTU-221,MINDA261-23,FDP_IGCS_2202_021B,0.14814815,0.14814815,Toxotes jaculatrix,BOLD:AAI0481,OR524703,2,16.666668
OTU-222,MINDA264-23,FDP_IGCS_2202_023A,0.4464286,0.4464286,Scolopsis affinis,BOLD:AAB9722,OR524652,2,9.925926
OTU-222,MINDA342-23,FDP_SGES_2112_027A,0.4464286,0.4464286,Scolopsis affinis,BOLD:AAB9722,OR524650,2,9.925926
OTU-223,MINDA265-23,FDP_IGCS_2202_028A,0,0,Hemigymnus melapterus,BOLD:AAB5264,OR524420,1,9.061488
OTU-224,MINDA315-23,FDP_SGES_2112_001A,0.90408355,1.3574661,Parupeneus multifasciatus,BOLD:AAB3862,OR524555,3,8.258259
OTU-224,MINDA316-23,FDP_SGES_2112_001D,0.90408355,1.3574661,Parupeneus multifasciatus,BOLD:AAB3862,OR524556,3,8.258259
OTU-224,MINDA317-23,FDP_SGES_2112_001F,0.90408355,1.3574661,Parupeneus multifasciatus,BOLD:AAB3862,OR524557,3,8.258259
OTU-225,MINDA314-23,FDP_MATI_2202_027A,0,0,Pinjalo lewisi,BOLD:AAE4743,OR524563,1,8.939394
OTU-226,MINDA313-23,FDP_MATI_2202_026A,0,0,Lethrinus erythropterus,BOLD:AAE3751,OR524443,1,11.703704
OTU-227,MINDA312-23,FDP_MATI_2202_025A,0,0,Cheilodipterus intermedius,BOLD:AAB7877,OR524333,1,13.513513
OTU-228,MINDA305-23,FDP_MATI_2202_018A,0,0,Oxycheilinus orientalis,BOLD:AAU2638,OR524540,1,14.564565
OTU-229,MINDA304-23,FDP_MATI_2202_017A,0,0,Halichoeres marginatus,BOLD:AAC3830,OR524412,1,10.222222
OTU-230,MINDA298-23,FDP_MATI_2202_011A,1.037037,1.037037,Siganus argenteus,BOLD:AAC6461,OR524665,2,8.888889
OTU-230,MINDA363-23,FDP_SGES_2112_041B,1.037037,1.037037,Siganus argenteus,BOLD:AAC6461,OR524666,2,8.888889
OTU-231,MINDA297-23,FDP_MATI_2202_010A,0,0,Pristipomoides multidens,BOLD:AAB9721,OR524596,1,5.4814816
OTU-232,MINDA296-23,FDP_MATI_2202_009A,0.15151514,0.15151514,Nemipterus bathybius,BOLD:AAC6765,OR524516,2,8.030303
OTU-232,MINDA479-23,MIN_1912_TORL_015A,0.15151514,0.15151514,Nemipterus bathybius,BOLD:AAC6765,OR524517,2,8.030303
OTU-233,MINDA293-23,FDP_MATI_2202_006A,0,0,Myripristis pralinia,BOLD:AAB9836,OR524502,1,6.666667
OTU-234,MINDA291-23,FDP_MATI_2202_004A,0,0,Neoniphon aurolineatus,BOLD:AAC4648,OR524527,1,11.428572
OTU-235,MINDA290-23,FDP_MATI_2202_003A,0,0,Gnathodentex aureolineatus,BOLD:AAC8927,OR524402,1,14.696969
OTU-236,MINDA288-23,FDP_MATI_2202_001A,0.60606056,0.60606056,Acanthurus pyroferus,BOLD:AAC4976,OR524237,2,8.296296
OTU-236,MINDA425-23,MIN_1811_STAC_060A,0.60606056,0.60606056,Acanthurus pyroferus,BOLD:AAC4976,OR524238,2,8.296296
OTU-237,MINDA287-23,FDP_IGCS_2202_050A,0,0,Bodianus mesothorax,BOLD:AAF0043,OR524263,1,11.861861
OTU-238,MINDA284-23,FDP_IGCS_2202_049A,0.79012346,0.8888889,Thalassoma lunare,BOLD:AAB0673,OR524699,3,7.0570574
OTU-238,MINDA285-23,FDP_IGCS_2202_049B,0.79012346,0.8888889,Thalassoma lunare,BOLD:AAB0673,OR524700,3,7.0570574
OTU-238,MINDA286-23,FDP_IGCS_2202_049C,0.79012346,0.8888889,Thalassoma lunare,BOLD:AAB0673,OR524701,3,7.0570574
OTU-239,MINDA282-23,FDP_IGCS_2202_047A,0.14814815,0.14814815,Chaetodon kleinii,BOLD:AAC2841,OR524314,2,9.925926
OTU-239,MINDA283-23,FDP_IGCS_2202_047B,0.14814815,0.14814815,Chaetodon kleinii,BOLD:AAC2841,OR524313,2,9.925926
OTU-240,MINDA340-23,FDP_SGES_2112_026B,0.3492423,0.5952381,Scolopsis lineata,BOLD:AAD6276,OR524656,3,12.444445
OTU-240,MINDA341-23,FDP_SGES_2112_026C,0.3492423,0.5952381,Scolopsis lineata,BOLD:AAD6276,OR524657,3,12.444445
OTU-240,MINDA455-23,MIN_1910_STAM_006A,0.3492423,0.5952381,Scolopsis lineata,BOLD:AAD6276,OR524658,3,12.444445
OTU-241,MINDA344-23,FDP_SGES_2112_028A,0,0,Scolopsis bilineata,BOLD:AAC2480,OR524653,1,15.0753765
OTU-242,MINDA337-23,FDP_SGES_2112_023A,0.30303028,0.30303028,Lethrinus ornatus,BOLD:AAK9232,OR524454,2,7.121212
OTU-242,MINDA463-23,MIN_1910_STAM_024A,0.30303028,0.30303028,Lethrinus ornatus,BOLD:AAK9232,OR524453,2,7.121212
OTU-243,MINDA339-23,FDP_SGES_2112_025A,0,0,Gymnocranius griseus,BOLD:ADL1650,OR524405,1,9.925926
OTU-244,MINDA335-23,FDP_SGES_2112_020A,0,0,Elates ransonnettii,BOLD:ACK4730,OR524370,1,18.333334
OTU-245,MINDA336-23,FDP_SGES_2112_022A,0.2962963,0.2962963,Lethrinus harak,BOLD:AAC1520,OR524445,2,7.121212
OTU-245,MINDA408-23,FDP_TORL_2206_025A,0.2962963,0.2962963,Lethrinus harak,BOLD:AAC1520,OR524444,2,7.121212
OTU-246,MINDA333-23,FDP_SGES_2112_018A,0,0,Upeneus sulphureus,BOLD:AAB6466,OR524710,1,7.638889
OTU-247,MINDA334-23,FDP_SGES_2112_019A,0,0,Bothus pantherinus,BOLD:AAC9155,OR524264,1,18.814814
OTU-248,MINDA330-23,FDP_SGES_2112_015A,0,0,Pelates quadrilineatus,BOLD:AAA9700,OR524559,1,14.210526
OTU-249,MINDA331-23,FDP_SGES_2112_016A,0,0,Neoniphon sammara,BOLD:AAC6632,OR524528,1,11.481482
OTU-250,MINDA326-23,FDP_SGES_2112_011A,0,0,Scarus spinus,BOLD:AAI0686,OR524646,1,10.105581
OTU-251,MINDA329-23,FDP_SGES_2112_014A,0,0,Cheilinus trilobatus,BOLD:AAB4188,OR524328,1,3.851852
OTU-252,MINDA322-23,FDP_SGES_2112_007A,0,0,Epinephelus fasciatus,BOLD:AAB1332,OR524384,1,10.960961
OTU-253,MINDA324-23,FDP_SGES_2112_009B,0,0,Scarus niger,BOLD:AAD0816,OR524642,1,3.1746035
OTU-254,MINDA320-23,FDP_SGES_2112_004A,0,0,Parupeneus barberinoides,BOLD:AAC6212,OR524547,1,15.111111
OTU-255,MINDA321-23,FDP_SGES_2112_006A,0.7017544,0.7017544,Cephalopholis leopardus,BOLD:AAD9032,OR524297,2,9.696969
OTU-255,MINDA437-23,MIN_1908_GOVG_047A,0.7017544,0.7017544,Cephalopholis leopardus,BOLD:AAD9032,OR524296,2,9.696969
OTU-256,MINDA375-23,FDP_STAC_2209_023A,0.152207,0.152207,Sargocentron diadema,BOLD:AAB3425,OR524620,2,10.606061
OTU-256,MINDA442-23,MIN_1910_STAM_035A,0.152207,0.152207,Sargocentron diadema,BOLD:AAB3425,OR524621,2,10.606061
OTU-257,MINDA374-23,FDP_STAC_2209_016A,0,0,Lutjanus lutjanus,BOLD:AAA8169,OR524475,1,6.6066065
OTU-258,MINDA373-23,FDP_STAC_2209_015A,0,0,Upeneus nigromarginatus,BOLD:ACK7999,OR524709,1,13.963964
OTU-259,MINDA372-23,FDP_STAC_2209_012A,0.100326575,0.15082957,Dascyllus trimaculatus,BOLD:AAB2685,OR524359,3,15.535445
OTU-259,MINDA389-23,FDP_STAC_2211_024A,0.100326575,0.15082957,Dascyllus trimaculatus,BOLD:AAB2685,OR524361,3,15.535445
OTU-259,MINDA459-23,MIN_1910_STAM_017A,0.100326575,0.15082957,Dascyllus trimaculatus,BOLD:AAB2685,OR524360,3,15.535445
OTU-260,MINDA379-23,FDP_STAC_2211_006A,0,0,Amblyglyphidodon curacao,BOLD:ADA9668,OR524243,1,8.066971
OTU-261,MINDA378-23,FDP_STAC_2211_005A,0,0,Acanthochromis polyacanthus,BOLD:ACU7256,OR524232,1,12.878788
OTU-262,MINDA377-23,FDP_STAC_2211_004A,0,0,Chaetodon rafflesii,BOLD:AAD3884,OR524321,1,4.718417
OTU-263,MINDA376-23,FDP_STAC_2209_027A,0,0,Platax teira,BOLD:AAH9422,OR524567,1,5.3968253
OTU-264,MINDA384-23,FDP_STAC_2211_011A,0.45454544,0.45454544,Hemiglyphidodon plagiometopon,BOLD:AAE5290,OR524416,2,11.666667
OTU-264,MINDA490-23,MIN_1912_TORL_039A,0.45454544,0.45454544,Hemiglyphidodon plagiometopon,BOLD:AAE5290,OR524417,2,11.666667
OTU-265,MINDA383-23,FDP_STAC_2211_010A,0,0,Amblyglyphidodon aureus,BOLD:ACU6263,OR524242,1,8.066971
OTU-266,MINDA381-23,FDP_STAC_2211_008A,0,0,Amphiprion perideraion,BOLD:ABZ2019,OR524245,1,4.504504
OTU-267,MINDA380-23,FDP_STAC_2211_007A,0,0,Chromis xanthura,BOLD:AAL8218,OR524346,1,14.307459
OTU-268,MINDA390-23,FDP_STAC_2211_026A,0,0,Cheilodipterus singapurensis,BOLD:ACE0347,OR524334,1,13.513513
OTU-269,MINDA388-23,FDP_STAC_2211_022A,0,0,Pseudomonacanthus macrurus,BOLD:ACK7603,OR524603,1,15.015015
OTU-270,MINDA386-23,FDP_STAC_2211_019A,0,0,Acanthurus auranticavus,BOLD:AAN0222,OR524233,1,5.175038
OTU-271,MINDA385-23,FDP_STAC_2211_012A,0,0,Coris batuensis,BOLD:AAC7502,OR524350,1,13.030302
OTU-272,MINDA349-23,FDP_SGES_2112_032A,0.5859094,0.80515295,Epinephelus areolatus,BOLD:AAA9821,OR524378,3,12.217195
OTU-272,MINDA482-23,MIN_1912_TORL_023B,0.5859094,0.80515295,Epinephelus areolatus,BOLD:AAA9821,OR524379,3,12.217195
OTU-272,MINDA494-23,MIN_1912_TORL_045A,0.5859094,0.80515295,Epinephelus areolatus,BOLD:AAA9821,OR524377,3,12.217195
OTU-273,MINDA350-23,FDP_SGES_2112_033A,0,0,Scatophagus argus,BOLD:ACF2262,OR524648,1,16.22575
OTU-274,MINDA345-23,FDP_SGES_2112_029A,0,0,Scolopsis ciliata,BOLD:AAF0532,OR524654,2,12.148148
OTU-274,MINDA476-23,MIN_1912_TORL_007A,0,0,Scolopsis ciliata,BOLD:AAF0532,OR524655,2,12.148148
OTU-275,MINDA346-23,FDP_SGES_2112_030A,0.6980803,0.6980803,Lutjanus ehrenbergii,BOLD:AAB2906,OR524467,2,7.253886
OTU-275,MINDA347-23,FDP_SGES_2112_030B,0.6980803,0.6980803,Lutjanus ehrenbergii,BOLD:AAB2906,OR524466,2,7.253886
OTU-276,MINDA353-23,FDP_SGES_2112_036A,0,0,Gerres erythrourus,BOLD:AAF5833,OR524396,1,16.275429
OTU-277,MINDA354-23,FDP_SGES_2112_037A,0.53024894,0.990099,Caranx melampygus,BOLD:AAB0585,OR524283,4,5.7471266
OTU-277,MINDA355-23,FDP_SGES_2112_037B,0.53024894,0.990099,Caranx melampygus,BOLD:AAB0585,OR524286,4,5.7471266
OTU-277,MINDA356-23,FDP_SGES_2112_037D,0.53024894,0.990099,Caranx melampygus,BOLD:AAB0585,OR524285,4,5.7471266
OTU-277,MINDA357-23,FDP_SGES_2112_037E,0.53024894,0.990099,Caranx melampygus,BOLD:AAB0585,OR524284,4,5.7471266
OTU-278,MINDA351-23,FDP_SGES_2112_034A,0,0,Monodactylus argenteus,BOLD:AAA9697,OR524486,1,14.947682
OTU-279,MINDA352-23,FDP_SGES_2112_035A,0.69084626,0.69084626,Gerres filamentosus,BOLD:AFF8295,OR524398,2,16.28615
OTU-279,MINDA458-23,MIN_1912_TORL_042A,0.69084626,0.69084626,Gerres filamentosus,BOLD:AFF8295,OR524397,2,16.28615
OTU-280,MINDA364-23,FDP_SGES_2112_042A,0.304414,0.304414,Siganus canaliculatus,BOLD:AAB8846,OR524667,2,8.740741
OTU-280,MINDA461-23,MIN_1910_STAM_021A,0.304414,0.304414,Siganus canaliculatus,BOLD:AAB8846,OR524668,2,8.740741
OTU-281,MINDA367-23,FDP_SGES_2112_044A,0,0,Lethrinus microdon,BOLD:AAB0513,OR524447,1,8.7378645
OTU-282,MINDA358-23,FDP_SGES_2112_038A,0.25825506,0.31897926,Gerres oyena,BOLD:AAC1290,OR524400,3,15.311005
OTU-282,MINDA359-23,FDP_SGES_2112_038B,0.25825506,0.31897926,Gerres oyena,BOLD:AAC1290,OR524401,3,15.311005
OTU-282,MINDA360-23,FDP_SGES_2112_038C,0.25825506,0.31897926,Gerres oyena,BOLD:AAC1290,OR524399,3,15.311005
OTU-283,MINDA362-23,FDP_SGES_2112_040A,0,0,Siganus spinus,BOLD:AAE9661,OR524678,1,8.740741
OTU-284,MINDA370-23,FDP_STAC_2209_005A,0.15290521,0.15290521,Ctenochaetus tominiensis,BOLD:ACH8120,OR524355,2,6.4856715
OTU-284,MINDA423-23,MIN_1811_STAC_058E,0.15290521,0.15290521,Ctenochaetus tominiensis,BOLD:ACH8120,OR524356,2,6.4856715
OTU-285,MINDA371-23,FDP_STAC_2209_011A,0,0,Abudefduf septemfasciatus,BOLD:AFF9123,OR524228,1,3.9039037
OTU-286,MINDA368-23,FDP_SGES_2112_045A,0,0,Lethrinus lentjan,BOLD:AAB0508,OR524446,1,7.4074073
OTU-287,MINDA369-23,FDP_STAC_2209_004A,0,0,Acanthurus mata,BOLD:AAE4025,OR524234,1,8.066971
OTU-288,MINDA411-23,FDP_TORL_2207_001A,0,0,Pomadasys maculatus,BOLD:AFF7666,OR524586,1,13.363363
OTU-289,MINDA407-23,FDP_TORL_2206_019A,0.45248872,0.45248872,Cheilinus trilobatus,BOLD:AAB4531,OR524327,2,3.851852
OTU-289,MINDA443-23,MIN_1908_STAC_007A,0.45248872,0.45248872,Cheilinus trilobatus,BOLD:AAB4531,OR524329,2,3.851852
OTU-290,MINDA413-23,FDP_TORL_2207_003A,0,0,Atropus mentalis,BOLD:AAD6118,OR524254,1,10
OTU-291,MINDA412-23,FDP_TORL_2207_002A,0,0,Leiognathus equula,BOLD:AAB2488,OR524435,1,11.561562
OTU-292,MINDA415-23,FDP_TORL_2207_007A,0,0,Lutjanus rivulatus,BOLD:AAB7684,OR524477,1,11.060606
OTU-293,MINDA414-23,FDP_TORL_2207_006A,0,0,Epinephelus sexfasciatus,BOLD:ACM3827,OR524391,1,12.0120125
OTU-294,MINDA417-23,FDP_TORL_2209_002A,0,0,Epinephelus coioides,BOLD:AAB8391,OR524382,1,10.810811
OTU-295,MINDA416-23,FDP_TORL_2207_008A,0,0,Saurida micropectoralis,BOLD:ADC8274,OR524629,1,15.851852
OTU-296,MINDA420-23,MIN_1811_STAC_049A,0,0,Scarus psittacus,BOLD:AAB8901,OR524643,1,8.415841
OTU-297,MINDA418-23,MIN_1809_GOVG_005A,0,0,Naso thynnoides,BOLD:AAK9252,OR524511,1,10.517799
OTU-298,MINDA427-23,MIN_1902_GOVG_023A,0,0,Cetoscarus ocellatus,BOLD:AAE9711,OR524308,1,11.915536
OTU-299,MINDA426-23,MIN_1908_STAC_042A,0,0,Scorpaenopsis venosa,BOLD:AAD9168,OR524664,1,12.706271
OTU-300,MINDA431-23,MIN_1908_GOVG_035A,0,0,Brotula multibarbata,BOLD:ACK7987,OR524268,1,14.479639
OTU-301,MINDA428-23,MIN_1902_GOVG_026A,0,0,Monotaxis grandoculis,BOLD:AAC3267,OR524487,1,7.61035
OTU-302,MINDA433-23,MIN_1908_GOVG_037A,0,0,Lutjanus decussatus,BOLD:AAF0336,OR524464,1,7.8431377
OTU-303,MINDA432-23,MIN_1908_GOVG_036A,0,0,Macolor macularis,BOLD:AAD1795,OR524482,1,9.090909
OTU-304,MINDA391-23,FDP_STAC_2211_028A,0,0,Pempheris vanicolensis,BOLD:ACE0426,OR524560,1,18.112633
OTU-305,MINDA392-23,FDP_STAC_2211_029A,0.15015015,0.15015015,Cephalopholis boenak,BOLD:AAB3684,OR524292,2,7.993967
OTU-305,MINDA410-23,FDP_TORL_2206_031A,0.15015015,0.15015015,Cephalopholis boenak,BOLD:AAB3684,OR524293,2,7.993967
OTU-306,MINDA393-23,FDP_STAC_2211_035A,0,0,Synodus variegatus,BOLD:AAB5069,OR524694,1,19.393938
OTU-307,MINDA394-23,FDP_STAC_2211_036A,0.304414,0.304414,Saurida gracilis,BOLD:AAE4190,OR524628,2,16.892912
OTU-307,MINDA486-23,MIN_1912_TORL_029A,0.304414,0.304414,Saurida gracilis,BOLD:AAE4190,OR524627,2,16.892912
OTU-308,MINDA395-23,FDP_STAC_2211_037A,0,0,Neotrygon kuhlii,BOLD:ABZ6131,OR524529,1,19.571867
OTU-309,MINDA396-23,FDP_TORL_2206_004A,0,0,Parascolopsis inermis,BOLD:AAI5833,OR524545,1,7.851852
OTU-310,MINDA397-23,FDP_TORL_2206_005A,0,0,Pristipomoides amoenus,BOLD:AAU5031,OR524592,1,9.037037
OTU-311,MINDA398-23,FDP_TORL_2206_008A,0,0,Nemipterus nematopus,BOLD:ADP2492,OR524521,1,8.939394
OTU-312,MINDA399-23,FDP_TORL_2206_009A,0,0,Nemipterus hexodon,BOLD:AAF2300,OR524519,1,11.111112
OTU-313,MINDA400-23,FDP_TORL_2206_010A,0,0,Pristipomoides typus,BOLD:AAC9513,OR524597,1,5.4814816
OTU-314,MINDA401-23,FDP_TORL_2206_011A,0,0,Chlorophthalmus nigromarginatus,BOLD:AAC3367,OR524337,1,14.222222
OTU-315,MINDA402-23,FDP_TORL_2206_012A,0,0,Cromileptes altivelis,BOLD:AAC1876,OR524344,1,8.888889
OTU-316,MINDA403-23,FDP_TORL_2206_013A,0,0,Cephalopholis sonnerati,BOLD:AAD4737,OR524304,1,7.259259
OTU-317,MINDA404-23,FDP_TORL_2206_014A,0,0,Oxycheilinus celebicus,BOLD:AAN1592,OR524538,1,13.777778
OTU-318,MINDA405-23,FDP_TORL_2206_015A,0,0,Beryx mollis,BOLD:ACR9750,OR524261,1,15.151516
OTU-319,MINDA406-23,FDP_TORL_2206_018A,0,0,Choerodon anchorago,BOLD:AAB8121,OR524339,1,14.74359
OTU-320,MINDA480-23,MIN_1912_TORL_016A,0,0,Nemipterus nematophorus,BOLD:ACB4285,OR524520,1,8.030303
OTU-321,MINDA477-23,MIN_1912_TORL_013A,0,0,Zanclus cornutus,BOLD:ADI3027,OR524722,1,15.629985
OTU-322,MINDA475-23,MIN_1912_TORL_005A,0,0,Pentapodus trivittatus,BOLD:AAM4604,OR524562,1,14.992025
OTU-323,MINDA473-23,MIN_1912_TORL_003A,0,0,Abalistes stellatus,BOLD:ACK7828,OR524227,1,5.9011164
OTU-324,MINDA471-23,MIN_1910_STAM_039A,0,0,Tylosurus crocodilus,BOLD:AAC4148,OR524706,1,10.0917425
OTU-325,MINDA470-23,MIN_1910_STAM_037A,0,0,Gempylus serpens,BOLD:AAC5492,OR524395,1,16.666668
OTU-326,MINDA469-23,MIN_1910_STAM_036A,0,0,Sargocentron punctatissimum,BOLD:AAD3971,OR524622,1,10.31746
OTU-327,MINDA468-23,MIN_1812_STAC_066A,0,0,Sargocentron cornutum,BOLD:ACK8401,OR524619,1,4.3939395
OTU-328,MINDA496-23,MIN_2002_MATI_001A,0,0,Psenes cyanophrys,BOLD:AAE0701,OR524599,1,12.575758
OTU-329,MINDA495-23,MIN_1912_TORL_048A,0,0,Conger cinereus,BOLD:AAD1242,OR524347,1,18.401207
OTU-330,MINDA493-23,MIN_1912_TORL_043A,0,0,Polydactylus plebeius,BOLD:AAC6244,OR524582,1,17.647058
OTU-331,MINDA492-23,MIN_1910_STAM_016A,0,0,Chaetodon punctatofasciatus,BOLD:AAD3872,OR524320,1,12.297734
OTU-332,MINDA488-23,MIN_1912_TORL_032A,0,0,Exyrias puntang,BOLD:AAD1235,OR524394,1,15.763547
OTU-333,MINDA485-23,MIN_1912_TORL_028A,0,0,Caesio lunaris,BOLD:AAJ8622,OR524271,1,8.409786
OTU-334,MINDA483-23,MIN_1912_TORL_026A,0,0,Plectropomus oligacanthus,BOLD:AAL4434,OR524581,1,4.0650406
OTU-335,MINDA481-23,MIN_1902_GOVG_022A,0,0,Scarus hypselopterus,BOLD:AAJ6092,OR524641,1,3.0165913
OTU-336,MINDA451-23,MIN_1908_STAC_036A,0.75757575,0.75757575,Lutjanus fulvus,BOLD:AAB4502,OR524471,2,8.597285
OTU-336,MINDA484-23,MIN_1912_TORL_027A,0.75757575,0.75757575,Lutjanus fulvus,BOLD:AAB4502,OR524470,2,8.597285
OTU-337,MINDA452-23,MIN_1908_STAC_041A,0,0,Platax orbicularis,BOLD:AAC6496,OR524565,1,5.3968253
OTU-338,MINDA447-23,MIN_1908_STAC_015A,0,0,Acanthurus nigricauda,BOLD:AAB8729,OR524235,1,5.175038
OTU-339,MINDA448-23,MIN_1908_STAC_018A,0,0,Caesio caerulaurea,BOLD:ABZ2197,OR524269,1,9.090909
OTU-340,MINDA438-23,MIN_1908_GOVG_051A,0,0,Pentapodus caninus,BOLD:AAE6343,OR524561,1,14.992025
OTU-341,MINDA440-23,MIN_1908_STAC_003A,0,0,Epinephelus quoyanus,BOLD:AAC2809,OR524390,1,8.446456
OTU-342,MINDA434-23,MIN_1908_GOVG_041A,0,0,Chaetodon auriga,BOLD:AAB1540,OR524309,1,2.6272578
OTU-343,MINDA436-23,MIN_1908_GOVG_045A,0,0,Parupeneus indicus,BOLD:AAB0334,OR524554,1,2.7149322
OTU-344,MINDA464-23,MIN_1910_STAM_028A,0,0,Coryphaena hippurus,BOLD:AAA5277,OR524351,1,18.417048
OTU-345,MINDA467-23,MIN_1910_STAM_029C,0.6472492,0.6472492,Brama orcini,BOLD:AAD2228,OR524266,2,15.6862755
OTU-345,MINDA474-23,MIN_1912_TORL_004A,0.6472492,0.6472492,Brama dussumieri,BOLD:AAD2228,OR524265,2,15.6862755
OTU-346,MINDA460-23,MIN_1910_STAM_018A,0,0,Chromis ternatensis,BOLD:AAC6972,OR524345,1,14.307459
OTU-347,MINDA462-23,MIN_1912_TORL_046B,0,0,Rexea prometheoides,BOLD:AAC9592,OR524614,1,17.431192
OTU-348,MINDA456-23,MIN_1910_STAM_014A,0,0,Novaculichthys taeniourus,BOLD:AAB3259,OR524531,1,15.106731
OTU-349,MINDA457-23,MIN_1912_TORL_035A,0,0,Ostorhinchus doederleini,BOLD:AAC5895,OR524535,1,13.725491
OTU-350,MINDA453-23,MIN_1912_TORL_021A,0,0,Upeneus moluccensis,BOLD:AAB6469,OR524708,1,9.954751
OTU-351,MINDA454-23,MIN_1908_STAC_044A,0,0,Gymnothorax zonipectis,BOLD:ACK7703,OR524407,1,16.591253
OTU-352,MINDA497-23,DNSC_2018_055A,0,0,Pomacentrus reidi,BOLD:AAY3555,OR524584,1,11.969697
OTU-353,MINDA498-23,DNSC_2018_055B,0,0,Pseudobalistes fuscus,BOLD:ACZ6203,OR524601,1,12.727272
