Project Code,Process ID,Sample ID,Field ID,BIN,Catalog Num,COI-5P Seq. Length,COI-5P Trace Count,COI-5P Accession,Image Count,Barcode Compliant,Contamination,Stop Codon,Flagged Record,Collection Date,Identification,Life Stage,Extra Info,Voucher Type,Institution,Notes
MINDA,MINDA001-23,DNSC_2014_001A,DNSC_2014_001A,BOLD:ACZ3984,,666[0n],,,,No,,,,,Paracaesio kusakarii,,,,Davao del Norte State College,
MINDA,MINDA002-23,DNSC_2016_001A,DNSC_2016_001A,BOLD:AAC7492,,666[0n],,,,No,,,,,Lutjanus johnii,,,,Davao del Norte State College,
MINDA,MINDA003-23,DNSC_2017_002A,DNSC_2017_002A,BOLD:AAB9969,,666[0n],,,,No,,,,,Anampses caeruleopunctatus,,,,Davao del Norte State College,
MINDA,MINDA004-23,DNSC_2017_003A,DNSC_2017_003A,BOLD:AAE8972,,666[0n],,,,No,,,,,Choerodon robustus,,,,Davao del Norte State College,
MINDA,MINDA005-23,DNSC_2017_008A,DNSC_2017_008A,BOLD:AAC2785,,666[0n],,,,No,,,,,Thalassoma trilobatum,,,,Davao del Norte State College,
MINDA,MINDA006-23,DNSC_2017_010A,DNSC_2017_010A,BOLD:AAF7735,,666[0n],,,,No,,,,,Halichoeres hartzfeldii,,,,Davao del Norte State College,
MINDA,MINDA007-23,DNSC_2017_012A,DNSC_2017_012A,BOLD:ACU5795,,620[0n],,,,No,,,,,Epibulus brevis,,,,Davao del Norte State College,
MINDA,MINDA008-23,DNSC_2017_013A,DNSC_2017_013A,BOLD:AAE8025,,666[0n],,,,No,,,,,Pseudodax moluccanus,,,,Davao del Norte State College,
MINDA,MINDA009-23,DNSC_2017_018A,DNSC_2017_018A,BOLD:AAB9954,,666[0n],,,,No,,,,,Anampses meleagrides,,,,Davao del Norte State College,
MINDA,MINDA010-23,DNSC_2017_020A,DNSC_2017_020A,BOLD:AAE8971,,618[0n],,,,No,,,,,Choerodon zamboangae,,,,Davao del Norte State College,
MINDA,MINDA011-23,DNSC_2017_021A,DNSC_2017_021A,BOLD:AAE2186,,666[0n],,,,No,,,,,Stethojulis strigiventer,,,,Davao del Norte State College,
MINDA,MINDA012-23,DNSC_2017_022A,DNSC_2017_022A,BOLD:AAF3922,,666[0n],,,,No,,,,,Anampses geographicus,,,,Davao del Norte State College,
MINDA,MINDA013-23,DNSC_2017_023A,DNSC_2017_023A,BOLD:ACE9209,,666[0n],,,,No,,,,,Stethojulis bandanensis,,,,Davao del Norte State College,
MINDA,MINDA014-23,DNSC_2017_026A,DNSC_2017_026A,BOLD:AAI6223,,608[0n],,,,No,,,,,Parachaetodon ocellatus,,,,Davao del Norte State College,
MINDA,MINDA015-23,DNSC_2017_028A,DNSC_2017_028A,BOLD:AAC3194,,666[0n],,,,No,,,,,Pygoplites diacanthus,,,,Davao del Norte State College,
MINDA,MINDA016-23,DNSC_2017_030A,DNSC_2017_030A,BOLD:AAB7710,,624[0n],,,,No,,,,,Choerodon schoenleinii,,,,Davao del Norte State College,
MINDA,MINDA017-23,DNSC_2017_032A,DNSC_2017_032A,BOLD:AAB5717,,615[0n],,,,No,,,,,Heniochus acuminatus,,,,Davao del Norte State College,
MINDA,MINDA018-23,DNSC_2017_039A,DNSC_2017_039A,BOLD:AAB2342,,666[0n],,,,No,,,,,Siganus vermiculatus,,,,Davao del Norte State College,
MINDA,MINDA019-23,DNSC_2017_042A,DNSC_2017_042A,BOLD:AAF4032,,615[0n],,,,No,,,,,Siganus javus,,,,Davao del Norte State College,
MINDA,MINDA020-23,DNSC_2017_064A,DNSC_2017_064A,BOLD:AAF2980,,666[0n],,,,No,,,,,Plectorhinchus vittatus,,,,Davao del Norte State College,
MINDA,MINDA021-23,DNSC_2017_066A,DNSC_2017_066A,BOLD:AAF2980,,626[0n],,,,No,,,,,Plectorhinchus vittatus,,,,Davao del Norte State College,
MINDA,MINDA022-23,DNSC_2017_069A,DNSC_2017_069A,BOLD:AAB9940,,611[0n],,,,No,,,,,Diagramma pictum,,,,Davao del Norte State College,
MINDA,MINDA023-23,DNSC_2017_072A,DNSC_2017_072A,BOLD:ACE0592,,666[0n],,,,No,,,,,Drepane punctata,,,,Davao del Norte State College,
MINDA,MINDA024-23,DNSC_2017_077A,DNSC_2017_077A,BOLD:AFG2565,,666[0n],,,,No,,,,,Branchiostegus saitoi,,,,Davao del Norte State College,
MINDA,MINDA025-23,DNSC_2017_081A,DNSC_2017_081A,BOLD:AAJ6676,,666[0n],,,,No,,,,,Siganus puellus,,,,Davao del Norte State College,
MINDA,MINDA026-23,DNSC_2017_084A,DNSC_2017_084A,BOLD:AAC0216,,666[0n],,,,No,,,,,Cephalopholis miniata,,,,Davao del Norte State College,
MINDA,MINDA027-23,DNSC_2017_091A,DNSC_2017_091A,BOLD:AAC9669,,663[0n],,,,No,,,,,Canthidermis maculata,,,,Davao del Norte State College,
MINDA,MINDA028-23,DNSC_2017_096A,DNSC_2017_096A,BOLD:AAB2978,,666[0n],,,,No,,,,,Nematalosa nasus,,,,Davao del Norte State College,
MINDA,MINDA029-23,DNSC_2017_105A,DNSC_2017_105A,BOLD:AAC7352,,611[0n],,,,No,,,,,Lethrinus olivaceus,,,,Davao del Norte State College,
MINDA,MINDA030-23,DNSC_2017_110A,DNSC_2017_110A,BOLD:ADF5681,,666[0n],,,,No,,,,,Lutjanus fulviflamma,,,,Davao del Norte State College,
MINDA,MINDA031-23,DNSC_2017_115A,DNSC_2017_115A,BOLD:AAB2907,,666[0n],,,,No,,,,,Lutjanus monostigma,,,,Davao del Norte State College,
MINDA,MINDA032-23,DNSC_2017_120A,DNSC_2017_120A,BOLD:AAA7595,,666[0n],,,,No,,,,,Lutjanus erythropterus,,,,Davao del Norte State College,
MINDA,MINDA033-23,DNSC_2017_124A,DNSC_2017_124A,BOLD:AAC9348,,666[0n],,,,No,,,,,Plectropomus leopardus,,,,Davao del Norte State College,
MINDA,MINDA034-23,DNSC_2017_125A,DNSC_2017_125A,BOLD:AAD8682,,666[0n],,,,No,,,,,Epinephelus corallicola,,,,Davao del Norte State College,
MINDA,MINDA035-23,DNSC_2017_126A,DNSC_2017_126A,BOLD:ADL0078,,666[0n],,,,No,,,,,Cephalopholis aitha,,,,Davao del Norte State College,
MINDA,MINDA036-23,DNSC_2017_127A,DNSC_2017_127A,BOLD:AAD0971,,613[0n],,,,No,,,,,Plectropomus areolatus,,,,Davao del Norte State College,
MINDA,MINDA037-23,DNSC_2017_132A,DNSC_2017_132A,BOLD:ACK7859,,615[0n],,,,No,,,,,Plectropomus maculatus,,,,Davao del Norte State College,
MINDA,MINDA038-23,DNSC_2017_133A,DNSC_2017_133A,BOLD:AAD3458,,666[0n],,,,No,,,,,Epinephelus hexagonatus,,,,Davao del Norte State College,
MINDA,MINDA039-23,DNSC_2017_195A,DNSC_2017_195A,BOLD:AAD4738,,666[0n],,,,No,,,,,Abalistes filamentosus,,,,Davao del Norte State College,
MINDA,MINDA040-23,DNSC_2018_003A,DNSC_2018_003A,BOLD:ACK6835,,666[0n],,,,No,,,,,Xiphocheilus typus,,,,Davao del Norte State College,
MINDA,MINDA041-23,DNSC_2018_004A,DNSC_2018_004A,BOLD:AAF8279,,666[0n],,,,No,,,,,Parupeneus crassilabris,,,,Davao del Norte State College,
MINDA,MINDA042-23,DNSC_2018_019A,DNSC_2018_019A,BOLD:ACK6835,,666[0n],,,,No,,,,,Xiphocheilus typus,,,,Davao del Norte State College,
MINDA,MINDA043-23,DNSC_2018_023A,DNSC_2018_023A,BOLD:AAC6186,,666[0n],,,,No,,,,,Pomacanthus imperator,,,,Davao del Norte State College,
MINDA,MINDA044-23,DNSC_2018_038A,DNSC_2018_038A,BOLD:AAC6874,,666[0n],,,,No,,,,,Balistoides conspicillum,,,,Davao del Norte State College,
MINDA,MINDA045-23,DNSC_2018_039A,DNSC_2018_039A,BOLD:AAD8914,,666[0n],,,,No,,,,,Epinephelus lanceolatus,,,,Davao del Norte State College,
MINDA,MINDA046-23,DNSC_2018_042A,DNSC_2018_042A,BOLD:AAF8874,,620[0n],,,,No,,,,,Plectropomus laevis,,,,Davao del Norte State College,
MINDA,MINDA047-23,DNSC_2018_059A,DNSC_2018_059A,BOLD:AAE4340,,666[0n],,,,No,,,,,Hemitaurichthys polylepis,,,,Davao del Norte State College,
MINDA,MINDA048-23,DNSC_2018_061A,DNSC_2018_061A,BOLD:AAC8622,,666[0n],,,,No,,,,,Chaetodon meyeri,,,,Davao del Norte State College,
MINDA,MINDA049-23,DNSC_2018_062A,DNSC_2018_062A,BOLD:AAB9257,,666[0n],,,,No,,,,,Chaetodon trifascialis,,,,Davao del Norte State College,
MINDA,MINDA050-23,DNSC_2018_064A,DNSC_2018_064A,BOLD:AAB7103,,666[0n],,,,No,,,,,Chaetodon lunulatus,,,,Davao del Norte State College,
MINDA,MINDA051-23,DNSC_2018_065A,DNSC_2018_065A,BOLD:AAC2123,,666[0n],,,,No,,,,,Heniochus chrysostomus,,,,Davao del Norte State College,
MINDA,MINDA052-23,DNSC_2018_072A,DNSC_2018_072A,BOLD:AAC0137,,666[0n],,,,No,,,,,Centropyge bicolor,,,,Davao del Norte State College,
MINDA,MINDA053-23,DNSC_2018_074A,DNSC_2018_074A,BOLD:AAC2848,,666[0n],,,,No,,,,,Chaetodon melannotus,,,,Davao del Norte State College,
MINDA,MINDA054-23,DNSC_2018_081A,DNSC_2018_081A,BOLD:AAC4965,,666[0n],,,,No,,,,,Malacanthus brevirostris,,,,Davao del Norte State College,
MINDA,MINDA055-23,DNSC_2018_088A,DNSC_2018_088A,BOLD:AAB5841,,666[0n],,,,No,,,,,Gomphosus varius,,,,Davao del Norte State College,
MINDA,MINDA056-23,DNSC_2018_095A,DNSC_2018_095A,BOLD:AAJ2147,,666[0n],,,,No,,,,,Lutjanus dodecacanthoides,,,,Davao del Norte State College,
MINDA,MINDA057-23,DNSC_2018_100A,DNSC_2018_100A,BOLD:AAE2471,,666[0n],,,,No,,,,,Sphaeramia nematoptera,,,,Davao del Norte State College,
MINDA,MINDA058-23,DNSC_2018_101A,DNSC_2018_101A,BOLD:ACM4359,,666[0n],,,,No,,,,,Dischistodus perspicillatus,,,,Davao del Norte State College,
MINDA,MINDA059-23,DNSC_2018_103A,DNSC_2018_103A,BOLD:AAF8866,,666[0n],,,,No,,,,,Bodianus dictynna,,,,Davao del Norte State College,
MINDA,MINDA060-23,DNSC_2018_115A,DNSC_2018_115A,BOLD:AAE3165,,666[0n],,,,No,,,,,Pomadasys argenteus,,,,Davao del Norte State College,
MINDA,MINDA061-23,DNSC_2018_116A,DNSC_2018_116A,BOLD:AAC1139,,666[0n],,,,No,,,,,Chelmon rostratus,,,,Davao del Norte State College,
MINDA,MINDA062-23,DNSC_2018_120A,DNSC_2018_120A,BOLD:AAD2580,,666[0n],,,,No,,,,,Centropyge vrolikii,,,,Davao del Norte State College,
MINDA,MINDA063-23,DNSC_2018_NN_001A,DNSC_2018_NN_001A,BOLD:ADL0994,,666[0n],,,,No,,,,,Epinephelus coeruleopunctatus,,,,Davao del Norte State College,
MINDA,MINDA064-23,DNSC_2018_NN_002A,DNSC_2018_NN_002A,BOLD:AAF3078,,666[0n],,,,No,,,,,Cheilinus undulatus,,,,Davao del Norte State College,
MINDA,MINDA065-23,DNSC_ND_003A,DNSC_ND_003A,BOLD:AAD8577,,666[0n],,,,No,,,,,Novaculichthys,,,,Davao del Norte State College,
MINDA,MINDA066-23,DNSC_ND_005A,DNSC_ND_005A,BOLD:AAB4278,,666[0n],,,,No,,,,,Macropharyngodon meleagris,,,,Davao del Norte State College,
MINDA,MINDA067-23,DNSC_ND_006A,DNSC_ND_006A,BOLD:ADB4781,,666[0n],,,,No,,,,,Labropsis manabei,,,,Davao del Norte State College,
MINDA,MINDA068-23,DNSC_ND_008A,DNSC_ND_008A,BOLD:ADI4249,,666[0n],,,,No,,,,,Thalassoma amblycephalum,,,,Davao del Norte State College,
MINDA,MINDA069-23,DNSC_ND_012A,DNSC_ND_012A,BOLD:AAB2327,,666[0n],,,,No,,,,,Thalassoma jansenii,,,,Davao del Norte State College,
MINDA,MINDA070-23,DNSC_ND_014A,DNSC_ND_014A,BOLD:AAD1381,,623[0n],,,,No,,,,,Hologymnosus annulatus,,,,Davao del Norte State College,
MINDA,MINDA071-23,DNSC_ND_040A,DNSC_ND_040A,BOLD:AAB9306,,660[0n],,,,No,,,,,Sargocentron rubrum,,,,Davao del Norte State College,
MINDA,MINDA072-23,FDP_GOVG_2202_001A,FDP_GOVG_2202_001A,BOLD:AAB3276,,675[0n],,,,No,,,,22-Feb-2022,Lutjanus gibbus,,,,University of the Philippines Mindanao,
MINDA,MINDA073-23,FDP_GOVG_2202_002A,FDP_GOVG_2202_002A,BOLD:ACK7853,,675[0n],,,,No,,,,22-Feb-2022,Heniochus varius,,,,University of the Philippines Mindanao,
MINDA,MINDA074-23,FDP_GOVG_2202_003A,FDP_GOVG_2202_003A,BOLD:AAI9398,,675[0n],,,,No,,,,22-Feb-2022,Coradion chrysozonus,,,,University of the Philippines Mindanao,
MINDA,MINDA075-23,FDP_GOVG_2202_004A,FDP_GOVG_2202_004A,BOLD:AAB3547,,675[0n],,,,No,,,,22-Feb-2022,Chaetodon unimaculatus,,,,University of the Philippines Mindanao,
MINDA,MINDA076-23,FDP_GOVG_2202_005A,FDP_GOVG_2202_005A,BOLD:AAC1635,,675[0n],,,,No,,,,22-Feb-2022,Naso brevirostris,,,,University of the Philippines Mindanao,
MINDA,MINDA077-23,FDP_GOVG_2202_007A,FDP_GOVG_2202_007A,BOLD:AAZ3798,,675[0n],,,,No,,,,22-Feb-2022,Naso minor,,,,University of the Philippines Mindanao,
MINDA,MINDA078-23,FDP_GOVG_2202_009A,FDP_GOVG_2202_009A,BOLD:AAC6633,,675[0n],,,,No,,,,22-Feb-2022,Myripristis adusta,,,,University of the Philippines Mindanao,
MINDA,MINDA079-23,FDP_GOVG_2202_010A,FDP_GOVG_2202_010A,BOLD:AAC6622,,675[0n],,,,No,,,,22-Feb-2022,Myripristis violacea,,,,University of the Philippines Mindanao,
MINDA,MINDA080-23,FDP_GOVG_2202_011A,FDP_GOVG_2202_011A,BOLD:AAA9765,,675[0n],,,,No,,,,22-Feb-2022,Myripristis berndti,,,,University of the Philippines Mindanao,
MINDA,MINDA081-23,FDP_GOVG_2202_015A,FDP_GOVG_2202_015A,BOLD:AAB9940,,675[0n],,,,No,,,,22-Feb-2022,Diagramma melanacrum,,,,University of the Philippines Mindanao,
MINDA,MINDA082-23,FDP_GOVG_2202_016A,FDP_GOVG_2202_016A,BOLD:AAB9940,,675[0n],,,,No,,,,22-Feb-2022,Diagramma pictum,,,,University of the Philippines Mindanao,
MINDA,MINDA083-23,FDP_GOVG_2202_017A,FDP_GOVG_2202_017A,BOLD:AAB7244,,675[0n],,,,No,,,,22-Feb-2022,Aphareus rutilans,,,,University of the Philippines Mindanao,
MINDA,MINDA084-23,FDP_GOVG_2202_018A,FDP_GOVG_2202_018A,BOLD:AAB8692,,675[0n],,,,No,,,,22-Feb-2022,Aprion virescens,,,,University of the Philippines Mindanao,
MINDA,MINDA085-23,FDP_GOVG_2202_020A,FDP_GOVG_2202_020A,BOLD:AAB7415,,675[0n],,,,No,,,,22-Feb-2022,Scolopsis taenioptera,,,,University of the Philippines Mindanao,
MINDA,MINDA086-23,FDP_GOVG_2202_021A,FDP_GOVG_2202_021A,BOLD:ACE0206,,675[0n],,,,No,,,,22-Feb-2022,Scolopsis affinis,,,,University of the Philippines Mindanao,
MINDA,MINDA087-23,FDP_GOVG_2202_022A,FDP_GOVG_2202_022A,BOLD:AAB4692,,675[0n],,,,No,,,,22-Feb-2022,Nemipterus peronii,,,,University of the Philippines Mindanao,
MINDA,MINDA088-23,FDP_GOVG_2202_022B,FDP_GOVG_2202_022B,BOLD:AAU0855,,674[0n],,,,No,,,,22-Feb-2022,Nemipterus peronii,,,,University of the Philippines Mindanao,
MINDA,MINDA089-23,FDP_GOVG_2202_023A,FDP_GOVG_2202_023A,BOLD:AAA9763,,675[0n],,,,No,,,,22-Feb-2022,Myripristis kuntee,,,,University of the Philippines Mindanao,
MINDA,MINDA090-23,FDP_GOVG_2202_024A,FDP_GOVG_2202_024A,BOLD:AAB1874,,675[0n],,,,No,,,,22-Feb-2022,Heteropriacanthus cruentatus,,,,University of the Philippines Mindanao,
MINDA,MINDA091-23,FDP_GOVG_2202_025A,FDP_GOVG_2202_025A,BOLD:ADB4901,,675[0n],,,,No,,,,22-Feb-2022,Priacanthus blochii,,,,University of the Philippines Mindanao,
MINDA,MINDA092-23,FDP_GOVG_2202_026A,FDP_GOVG_2202_026A,BOLD:AAB2592,,675[0n],,,,No,,,,22-Feb-2022,Mulloidichthys flavolineatus,,,,University of the Philippines Mindanao,
MINDA,MINDA093-23,FDP_GOVG_2202_027A,FDP_GOVG_2202_027A,BOLD:ACV4665,,675[0n],,,,No,,,,22-Feb-2022,Upeneus vittatus,,,,University of the Philippines Mindanao,
MINDA,MINDA094-23,FDP_GOVG_2202_029A,FDP_GOVG_2202_029A,BOLD:AAB2589,,675[0n],,,,No,,,,22-Feb-2022,Parupeneus heptacanthus,,,,University of the Philippines Mindanao,
MINDA,MINDA095-23,FDP_GOVG_2202_030A,FDP_GOVG_2202_030A,BOLD:ADB4901,,675[0n],,,,No,,,,22-Feb-2022,Priacanthus blochii,,,,University of the Philippines Mindanao,
MINDA,MINDA096-23,FDP_GOVG_2202_031A,FDP_GOVG_2202_031A,BOLD:AAB1874,,675[0n],,,,No,,,,22-Feb-2022,Heteropriacanthus cruentatus,,,,University of the Philippines Mindanao,
MINDA,MINDA097-23,FDP_GOVG_2202_032A,FDP_GOVG_2202_032A,BOLD:AAB4501,,675[0n],,,,No,,,,22-Feb-2022,Lutjanus bohar,,,,University of the Philippines Mindanao,
MINDA,MINDA098-23,FDP_GOVG_2202_034A,FDP_GOVG_2202_034A,BOLD:AAB2341,,675[0n],,,,No,,,,22-Feb-2022,Siganus punctatus,,,,University of the Philippines Mindanao,
MINDA,MINDA099-23,FDP_GOVG_2202_035A,FDP_GOVG_2202_035A,BOLD:AAC0217,,675[0n],,,,No,,,,22-Feb-2022,Cephalopholis cyanostigma,,,,University of the Philippines Mindanao,
MINDA,MINDA100-23,FDP_GOVG_2202_037A,FDP_GOVG_2202_037A,BOLD:AAB8390,,675[0n],,,,No,,,,22-Feb-2022,Epinephelus bontoides,,,,University of the Philippines Mindanao,
MINDA,MINDA101-23,FDP_GOVG_2202_038A,FDP_GOVG_2202_038A,BOLD:AAC5719,,675[0n],,,,No,,,,22-Feb-2022,Variola louti,,,,University of the Philippines Mindanao,
MINDA,MINDA102-23,FDP_GOVG_2202_039A,FDP_GOVG_2202_039A,BOLD:AAD8873,,644[0n],,,,No,,,,22-Feb-2022,Epinephelus polyphekadion,,,,University of the Philippines Mindanao,
MINDA,MINDA103-23,FDP_GOVG_2202_040A,FDP_GOVG_2202_040A,BOLD:AAD0474,,675[0n],,,,No,,,,22-Feb-2022,Balistoides viridescens,,,,University of the Philippines Mindanao,
MINDA,MINDA104-23,FDP_GOVG_2202_042A,FDP_GOVG_2202_042A,BOLD:ABY5451,,675[0n],,,,No,,,,22-Feb-2022,Lethrinus atkinsoni,,,,University of the Philippines Mindanao,
MINDA,MINDA105-23,FDP_GOVG_2202_043A,FDP_GOVG_2202_043A,BOLD:AAB5194,,675[0n],,,,No,,,,22-Feb-2022,Gymnocranius elongatus,,,,University of the Philippines Mindanao,
MINDA,MINDA106-23,FDP_GOVG_2202_044A,FDP_GOVG_2202_044A,BOLD:ADY9995,,675[0n],,,,No,,,,22-Feb-2022,Lethrinus semicinctus,,,,University of the Philippines Mindanao,
MINDA,MINDA107-23,FDP_GOVG_2202_046A,FDP_GOVG_2202_046A,BOLD:AAC1522,,656[0n],,,,No,,,,22-Feb-2022,Lethrinus obsoletus,,,,University of the Philippines Mindanao,
MINDA,MINDA108-23,FDP_GOVG_2202_047A,FDP_GOVG_2202_047A,BOLD:AAB6437,,675[0n],,,,No,,,,22-Feb-2022,Lethrinus,,,,University of the Philippines Mindanao,
MINDA,MINDA109-23,FDP_GOVG_2202_048A,FDP_GOVG_2202_048A,BOLD:AAC7352,,675[0n],,,,No,,,,22-Feb-2022,Lethrinus olivaceus,,,,University of the Philippines Mindanao,
MINDA,MINDA110-23,FDP_GOVG_2204_002A,FDP_GOVG_2204_002A,BOLD:AAC4004,,675[0n],,,,No,,,,04-Jul-2022,Plectorhinchus chaetodonoides,,,,University of the Philippines Mindanao,
MINDA,MINDA111-23,FDP_GOVG_2204_003A,FDP_GOVG_2204_003A,BOLD:AAJ2540,,674[0n],,,,No,,,,04-Jul-2022,Lethrinus erythracanthus,,,,University of the Philippines Mindanao,
MINDA,MINDA112-23,FDP_GOVG_2204_004A,FDP_GOVG_2204_004A,BOLD:AEZ5902,,675[0n],,,,No,,,,04-Jul-2022,Sargocentron caudimaculatum,,,,University of the Philippines Mindanao,
MINDA,MINDA113-23,FDP_GOVG_2204_005A,FDP_GOVG_2204_005A,BOLD:AAF9624,,675[0n],,,,No,,,,04-Jul-2022,Myripristis hexagona,,,,University of the Philippines Mindanao,
MINDA,MINDA114-23,FDP_GOVG_2204_007A,FDP_GOVG_2204_007A,BOLD:AAC6633,,674[0n],,,,No,,,,04-Jul-2022,Myripristis adusta,,,,University of the Philippines Mindanao,
MINDA,MINDA115-23,FDP_GOVG_2204_010A,FDP_GOVG_2204_010A,BOLD:ADL0078,,675[0n],,,,No,,,,04-Jul-2022,Cephalopholis spiloparaea,,,,University of the Philippines Mindanao,
MINDA,MINDA116-23,FDP_GOVG_2204_012A,FDP_GOVG_2204_012A,BOLD:AAC8755,,675[0n],,,,No,,,,04-Jul-2022,Siganus doliatus,,,,University of the Philippines Mindanao,
MINDA,MINDA117-23,FDP_GOVG_2204_013A,FDP_GOVG_2204_013A,BOLD:AAD9299,,675[0n],,,,No,,,,04-Jul-2022,Siganus vulpinus,,,,University of the Philippines Mindanao,
MINDA,MINDA118-23,FDP_GOVG_2204_014A,FDP_GOVG_2204_014A,BOLD:AAJ6675,,675[0n],,,,No,,,,04-Jul-2022,Siganus punctatissimus,,,,University of the Philippines Mindanao,
MINDA,MINDA119-23,FDP_GOVG_2204_016A,FDP_GOVG_2204_016A,BOLD:ADB4901,,675[0n],,,,No,,,,04-Jul-2022,Priacanthus blochii,,,,University of the Philippines Mindanao,
MINDA,MINDA120-23,FDP_GOVG_2204_017A,FDP_GOVG_2204_017A,BOLD:AAE3624,,675[0n],,,,No,,,,04-Jul-2022,Naso vlamingii,,,,University of the Philippines Mindanao,
MINDA,MINDA121-23,FDP_GOVG_2204_023A,FDP_GOVG_2204_023A,BOLD:ACY5251,,675[0n],,,,No,,,,04-Jul-2022,Scarus tricolor,,,,University of the Philippines Mindanao,
MINDA,MINDA122-23,FDP_GOVG_2207_001A,FDP_GOVG_2207_001A,BOLD:ADB4901,,675[0n],,,,No,,,,25-Jul-2022,Priacanthus blochii,,,,University of the Philippines Mindanao,
MINDA,MINDA123-23,FDP_GOVG_2207_003A,FDP_GOVG_2207_003A,BOLD:AAI5462,,675[0n],,,,No,,,,25-Jul-2022,Oxycheilinus arenatus,,,,University of the Philippines Mindanao,
MINDA,MINDA124-23,FDP_GOVG_2207_004A,FDP_GOVG_2207_004A,BOLD:AAU4592,,675[0n],,,,No,,,,25-Jul-2022,Parascolopsis eriomma,,,,University of the Philippines Mindanao,
MINDA,MINDA125-23,FDP_GOVG_2207_005A,FDP_GOVG_2207_005A,BOLD:AAD6592,,675[0n],,,,No,,,,25-Jul-2022,Gymnosarda unicolor,,,,University of the Philippines Mindanao,
MINDA,MINDA126-23,FDP_GOVG_2207_006A,FDP_GOVG_2207_006A,BOLD:AAB7827,,675[0n],,,,No,,,,25-Jul-2022,Alectis ciliaris,,,,University of the Philippines Mindanao,
MINDA,MINDA127-23,FDP_GOVG_2207_009A,FDP_GOVG_2207_009A,BOLD:AAK0631,,675[0n],,,,No,,,,25-Jul-2022,Cephalopholis polleni,,,,University of the Philippines Mindanao,
MINDA,MINDA128-23,FDP_GOVG_2207_010A,FDP_GOVG_2207_010A,BOLD:AAI3520,,675[0n],,,,No,,,,25-Jul-2022,Odontanthias chrysostictus,,,,University of the Philippines Mindanao,
MINDA,MINDA129-23,FDP_GOVG_2207_012A,FDP_GOVG_2207_012A,BOLD:AFF2935,,675[0n],,,,No,,,,25-Jul-2022,Chelidoperca santosi,,,,University of the Philippines Mindanao,
MINDA,MINDA130-23,FDP_GOVG_2207_013A,FDP_GOVG_2207_013A,BOLD:AAC7623,,675[0n],,,,No,,,,25-Jul-2022,Pristipomoides auricilla,,,,University of the Philippines Mindanao,
MINDA,MINDA131-23,FDP_GOVG_2207_014A,FDP_GOVG_2207_014A,BOLD:AFG6523,,675[0n],,,,No,,,,25-Jul-2022,Symphysanodontidae,,,,University of the Philippines Mindanao,
MINDA,MINDA132-23,FDP_GOVG_2207_014B,FDP_GOVG_2207_014B,BOLD:AFG6523,,675[0n],,,,No,,,,25-Jul-2022,Symphysanodontidae,,,,University of the Philippines Mindanao,
MINDA,MINDA133-23,FDP_GOVG_2207_015A,FDP_GOVG_2207_015A,BOLD:AAF2306,,675[0n],,,,No,,,,25-Jul-2022,Nemipterus furcosus,,,,University of the Philippines Mindanao,
MINDA,MINDA134-23,FDP_GOVG_2207_016A,FDP_GOVG_2207_016A,BOLD:AAC6439,,675[0n],,,,No,,,,25-Jul-2022,Etelis coruscans,,,,University of the Philippines Mindanao,
MINDA,MINDA135-23,FDP_GOVG_2207_017A,FDP_GOVG_2207_017A,BOLD:AAJ8182,,675[0n],,,,No,,,,25-Jul-2022,Ariomma brevimanum,,,,University of the Philippines Mindanao,
MINDA,MINDA136-23,FDP_GOVG_2207_018A,FDP_GOVG_2207_018A,BOLD:AAB4096,,675[0n],,,,No,,,,25-Jul-2022,Pristipomoides filamentosus,,,,University of the Philippines Mindanao,
MINDA,MINDA137-23,FDP_GOVG_2207_019A,FDP_GOVG_2207_019A,BOLD:AAF8867,,675[0n],,,,No,,,,25-Jul-2022,Malacanthus latovittatus,,,,University of the Philippines Mindanao,
MINDA,MINDA138-23,FDP_GOVG_2207_020A,FDP_GOVG_2207_020A,BOLD:AAC8839,,675[0n],,,,No,,,,25-Jul-2022,Etelis carbunculus,,,,University of the Philippines Mindanao,
MINDA,MINDA139-23,FDP_GOVG_2207_023A,FDP_GOVG_2207_023A,BOLD:AAD6266,,675[0n],,,,No,,,,25-Jul-2022,Parupeneus pleurostigma,,,,University of the Philippines Mindanao,
MINDA,MINDA140-23,FDP_GOVG_2207_025A,FDP_GOVG_2207_025A,BOLD:AAC2755,,675[0n],,,,No,,,,25-Jul-2022,Balistapus undulatus,,,,University of the Philippines Mindanao,
MINDA,MINDA141-23,FDP_GOVG_2207_031A,FDP_GOVG_2207_031A,BOLD:AAE9975,,675[0n],,,,No,,,,25-Jul-2022,Emmelichthys struhsakeri,,,,University of the Philippines Mindanao,
MINDA,MINDA142-23,FDP_GOVG_2207_033A,FDP_GOVG_2207_033A,BOLD:AEH7012,,675[0n],,,,No,,,,25-Jul-2022,Nemipterus balinensoides,,,,University of the Philippines Mindanao,
MINDA,MINDA143-23,FDP_GOVG_2207_034A,FDP_GOVG_2207_034A,BOLD:ACF1742,,675[0n],,,,No,,,,25-Jul-2022,Priacanthus tayenus,,,,University of the Philippines Mindanao,
MINDA,MINDA144-23,FDP_GOVG_2207_036A,FDP_GOVG_2207_036A,BOLD:AAB0584,,675[0n],,,,No,,,,25-Jul-2022,Caranx sexfasciatus,,,,University of the Philippines Mindanao,
MINDA,MINDA145-23,FDP_GOVG_2207_037A,FDP_GOVG_2207_037A,BOLD:AAC6423,,675[0n],,,,No,,,,25-Jul-2022,Acanthurus olivaceus,,,,University of the Philippines Mindanao,
MINDA,MINDA146-23,FDP_GOVG_2207_038A,FDP_GOVG_2207_038A,BOLD:AAA8635,,675[0n],,,,No,,,,25-Jul-2022,Naso lituratus,,,,University of the Philippines Mindanao,
MINDA,MINDA147-23,FDP_GOVG_2207_039A,FDP_GOVG_2207_039A,BOLD:ADL4308,,675[0n],,,,No,,,,25-Jul-2022,Parascolopsis melanophrys,,,,University of the Philippines Mindanao,
MINDA,MINDA148-23,FDP_GOVG_2207_040A,FDP_GOVG_2207_040A,BOLD:AAB2440,,675[0n],,,,No,,,,25-Jul-2022,Lutjanus argentimaculatus,,,,University of the Philippines Mindanao,
MINDA,MINDA149-23,FDP_GOVG_2207_041A,FDP_GOVG_2207_041A,BOLD:AFG4011,,675[0n],,,,No,,,,25-Jul-2022,Liopropoma,,,,University of the Philippines Mindanao,
MINDA,MINDA150-23,FDP_GOVG_2207_043A,FDP_GOVG_2207_043A,BOLD:AAB5804,,675[0n],,,,No,,,,25-Jul-2022,Odonus niger,,,,University of the Philippines Mindanao,
MINDA,MINDA151-23,FDP_GOVG_2207_049A,FDP_GOVG_2207_049A,BOLD:AAE4369,,675[0n],,,,No,,,,25-Jul-2022,Scarus forsteni,,,,University of the Philippines Mindanao,
MINDA,MINDA152-23,FDP_GOVG_2207_051A,FDP_GOVG_2207_051A,BOLD:AAX9247,,675[0n],,,,No,,,,25-Jul-2022,Saloptia powelli,,,,University of the Philippines Mindanao,
MINDA,MINDA153-23,FDP_GOVG_2207_053A,FDP_GOVG_2207_053A,BOLD:ACC0334,,675[0n],,,,No,,,,25-Jul-2022,Promethichthys prometheus,,,,University of the Philippines Mindanao,
MINDA,MINDA154-23,FDP_GOVG_2207_055A,FDP_GOVG_2207_055A,BOLD:AAE1869,,675[0n],,,,No,,,,25-Jul-2022,Epinephelus maculatus,,,,University of the Philippines Mindanao,
MINDA,MINDA155-23,FDP_GOVG_2207_057A,FDP_GOVG_2207_057A,BOLD:AAJ2540,,675[0n],,,,No,,,,25-Jul-2022,Lethrinus erythracanthus,,,,University of the Philippines Mindanao,
MINDA,MINDA156-23,FDP_GOVG_2207_058A,FDP_GOVG_2207_058A,BOLD:AAB7901,,675[0n],,,,No,,,,25-Jul-2022,Lutjanus bengalensis,,,,University of the Philippines Mindanao,
MINDA,MINDA157-23,FDP_GOVG_2207_059A,FDP_GOVG_2207_059A,BOLD:AAF7731,,675[0n],,,,No,,,,25-Jul-2022,Lutjanus rufolineatus,,,,University of the Philippines Mindanao,
MINDA,MINDA158-23,FDP_GOVG_2207_060A,FDP_GOVG_2207_060A,BOLD:AAD9665,,675[0n],,,,No,,,,25-Jul-2022,Aethaloperca rogaa,,,,University of the Philippines Mindanao,
MINDA,MINDA159-23,FDP_GOVG_2207_064A,FDP_GOVG_2207_064A,BOLD:AAB4185,,675[0n],,,,No,,,,25-Jul-2022,Cheilinus chlorourus,,,,University of the Philippines Mindanao,
MINDA,MINDA160-23,FDP_GOVG_2207_065A,FDP_GOVG_2207_065A,BOLD:AAF2319,,675[0n],,,,No,,,,25-Jul-2022,Scarus chameleon,,,,University of the Philippines Mindanao,
MINDA,MINDA161-23,FDP_GOVG_2207_066A,FDP_GOVG_2207_066A,BOLD:AAF2319,,675[0n],,,,No,,,,25-Jul-2022,Scarus chameleon,,,,University of the Philippines Mindanao,
MINDA,MINDA162-23,FDP_GOVG_2208_001A,FDP_GOVG_2208_001A,BOLD:AAV8414,,666[0n],,,,No,,,,28-Aug-2022,Symphysanodon typus,,,,University of the Philippines Mindanao,
MINDA,MINDA163-23,FDP_GOVG_2208_002A,FDP_GOVG_2208_002A,BOLD:AAI6821,,666[0n],,,,No,,,,28-Aug-2022,Paracaesio xanthura,,,,University of the Philippines Mindanao,
MINDA,MINDA164-23,FDP_GOVG_2208_003A,FDP_GOVG_2208_003A,BOLD:AAI7885,,666[0n],,,,No,,,,28-Aug-2022,Atule mate,,,,University of the Philippines Mindanao,
MINDA,MINDA165-23,FDP_GOVG_2208_010A,FDP_GOVG_2208_010A,BOLD:AAE7640,,654[0n],,,,No,,,,28-Aug-2022,Caranginae,,,,University of the Philippines Mindanao,
MINDA,MINDA166-23,FDP_GOVG_2208_011A,FDP_GOVG_2208_011A,BOLD:AAE7644,,661[0n],,,,No,,,,28-Aug-2022,Caranginae,,,,University of the Philippines Mindanao,
MINDA,MINDA167-23,FDP_GOVG_2208_017A,FDP_GOVG_2208_017A,BOLD:AAB5459,,666[0n],,,,No,,,,28-Aug-2022,Lutjanus vitta,,,,University of the Philippines Mindanao,
MINDA,MINDA168-23,FDP_GOVG_2208_024A,FDP_GOVG_2208_024A,BOLD:AAB1339,,666[0n],,,,No,,,,28-Aug-2022,Sufflamen chrysopterum,,,,University of the Philippines Mindanao,
MINDA,MINDA169-23,FDP_GOVG_2208_026A,FDP_GOVG_2208_026A,BOLD:AAC7352,,666[0n],,,,No,,,,28-Aug-2022,Lethrinus olivaceus,,,,University of the Philippines Mindanao,
MINDA,MINDA170-23,FDP_GOVG_2208_027A,FDP_GOVG_2208_027A,BOLD:AAC3268,,661[0n],,,,No,,,,28-Aug-2022,Monotaxis heterodon,,,,University of the Philippines Mindanao,
MINDA,MINDA171-23,FDP_GOVG_2208_031A,FDP_GOVG_2208_031A,BOLD:AAB2440,,666[0n],,,,No,,,,28-Aug-2022,Lutjanus argentimaculatus,,,,University of the Philippines Mindanao,
MINDA,MINDA172-23,FDP_GOVG_2208_032A,FDP_GOVG_2208_032A,BOLD:AAB5388,,666[0n],,,,No,,,,28-Aug-2022,Lutjanus sebae,,,,University of the Philippines Mindanao,
MINDA,MINDA173-23,FDP_GOVG_2208_034A,FDP_GOVG_2208_034A,BOLD:AAB3276,,659[0n],,,,No,,,,28-Aug-2022,Lutjanus gibbus,,,,University of the Philippines Mindanao,
MINDA,MINDA174-23,FDP_GOVG_2208_035A,FDP_GOVG_2208_035A,BOLD:AAJ2671,,661[0n],,,,No,,,,28-Aug-2022,Lutjanus timoriensis,,,,University of the Philippines Mindanao,
MINDA,MINDA175-23,FDP_GOVG_2208_039A,FDP_GOVG_2208_039A,BOLD:AAC6698,,666[0n],,,,No,,,,28-Aug-2022,Cubiceps pauciradiatus,,,,University of the Philippines Mindanao,
MINDA,MINDA176-23,FDP_GOVG_2208_040A,FDP_GOVG_2208_040A,BOLD:AAC1878,,666[0n],,,,No,,,,28-Aug-2022,Lobotes surinamensis,,,,University of the Philippines Mindanao,
MINDA,MINDA177-23,FDP_GOVG_2208_046A,FDP_GOVG_2208_046A,BOLD:AAB3085,,666[0n],,,,No,,,,28-Aug-2022,Halichoeres hortulanus,,,,University of the Philippines Mindanao,
MINDA,MINDA178-23,FDP_GOVG_2208_047A,FDP_GOVG_2208_047A,BOLD:AAB8144,,666[0n],,,,No,,,,28-Aug-2022,Hemigymnus fasciatus,,,,University of the Philippines Mindanao,
MINDA,MINDA179-23,FDP_GOVG_2208_048A,FDP_GOVG_2208_048A,BOLD:AAE9521,,663[0n],,,,No,,,,28-Aug-2022,Scarus flavipectoralis,,,,University of the Philippines Mindanao,
MINDA,MINDA180-23,FDP_GOVG_2208_049A,FDP_GOVG_2208_049A,BOLD:ACK7947,,666[0n],,,,No,,,,28-Aug-2022,Chlorurus japanensis,,,,University of the Philippines Mindanao,
MINDA,MINDA181-23,FDP_GOVG_2208_050A,FDP_GOVG_2208_050A,BOLD:AAB6670,,661[0n],,,,No,,,,28-Aug-2022,Scarus altipinnis,,,,University of the Philippines Mindanao,
MINDA,MINDA182-23,FDP_GOVG_2208_051A,FDP_GOVG_2208_051A,BOLD:AAD0850,,666[0n],,,,No,,,,28-Aug-2022,Scarus rivulatus,,,,University of the Philippines Mindanao,
MINDA,MINDA183-23,FDP_GOVG_2209_002A,FDP_GOVG_2209_002A,BOLD:ACT0048,,666[0n],,,,No,,,,26-Sep-2022,Iniistius bimaculatus,,,,University of the Philippines Mindanao,
MINDA,MINDA184-23,FDP_GOVG_2209_003A,FDP_GOVG_2209_003A,BOLD:AAC7530,,666[0n],,,,No,,,,26-Sep-2022,Oxycheilinus bimaculatus,,,,University of the Philippines Mindanao,
MINDA,MINDA185-23,FDP_GOVG_2209_004A,FDP_GOVG_2209_004A,BOLD:ADT2166,,666[0n],,,,No,,,,26-Sep-2022,Leptojulis lambdastigma,,,,University of the Philippines Mindanao,
MINDA,MINDA186-23,FDP_GOVG_2209_006A,FDP_GOVG_2209_006A,BOLD:AAB2489,,666[0n],,,,No,,,,26-Sep-2022,Aurigequula fasciata,,,,University of the Philippines Mindanao,
MINDA,MINDA187-23,FDP_GOVG_2209_007A,FDP_GOVG_2209_007A,BOLD:AAC0922,,660[0n],,,,No,,,,26-Sep-2022,Trachinotus baillonii,,,,University of the Philippines Mindanao,
MINDA,MINDA188-23,FDP_GOVG_2209_010A,FDP_GOVG_2209_010A,BOLD:AAH7713,,658[0n],,,,No,,,,26-Sep-2022,Tylosurus crocodilus,,,,University of the Philippines Mindanao,
MINDA,MINDA189-23,FDP_GOVG_2209_011A,FDP_GOVG_2209_011A,BOLD:AAC1383,,666[0n],,,,No,,,,26-Sep-2022,Amphiprion clarkii,,,,University of the Philippines Mindanao,
MINDA,MINDA190-23,FDP_IGCS_2110_001A,FDP_IGCS_2110_001A,BOLD:AAF3072,,675[0n],,,,No,,,,15-Oct-2021,Plectorhinchus gibbosus,,,,University of the Philippines Mindanao,
MINDA,MINDA191-23,FDP_IGCS_2110_001B,FDP_IGCS_2110_001B,BOLD:AAF3072,,675[0n],,,,No,,,,15-Oct-2021,Plectorhinchus gibbosus,,,,University of the Philippines Mindanao,
MINDA,MINDA192-23,FDP_IGCS_2110_003A,FDP_IGCS_2110_003A,BOLD:AAD7038,,675[0n],,,,No,,,,15-Oct-2021,Scarus dimidiatus,,,,University of the Philippines Mindanao,
MINDA,MINDA193-23,FDP_IGCS_2111_001A,FDP_IGCS_2111_001A,BOLD:ADB4782,,675[0n],,,,No,,,,16-Nov-2021,Stethojulis trilineata,,,,University of the Philippines Mindanao,
MINDA,MINDA194-23,FDP_IGCS_2111_001B,FDP_IGCS_2111_001B,BOLD:ADB4782,,675[0n],,,,No,,,,16-Nov-2021,Stethojulis trilineata,,,,University of the Philippines Mindanao,
MINDA,MINDA195-23,FDP_IGCS_2111_002A,FDP_IGCS_2111_002A,BOLD:AAC0139,,675[0n],,,,No,,,,16-Nov-2021,Halichoeres scapularis,,,,University of the Philippines Mindanao,
MINDA,MINDA196-23,FDP_IGCS_2111_003A,FDP_IGCS_2111_003A,BOLD:AAB0061,,675[0n],,,,No,,,,16-Nov-2021,Thalassoma hardwicke,,,,University of the Philippines Mindanao,
MINDA,MINDA197-23,FDP_IGCS_2111_004A,FDP_IGCS_2111_004A,BOLD:AAC5863,,675[0n],,,,No,,,,16-Nov-2021,Halichoeres chloropterus,,,,University of the Philippines Mindanao,
MINDA,MINDA198-23,FDP_IGCS_2111_006A,FDP_IGCS_2111_006A,BOLD:AAB3198,,615[0n],,,,No,,,,16-Nov-2021,Chaetodon vagabundus,,,,University of the Philippines Mindanao,
MINDA,MINDA199-23,FDP_IGCS_2111_010A,FDP_IGCS_2111_010A,BOLD:AAE3577,,655[0n],,,,No,,,,16-Nov-2021,Naso hexacanthus,,,,University of the Philippines Mindanao,
MINDA,MINDA200-23,FDP_IGCS_2111_011A,FDP_IGCS_2111_011A,BOLD:AAC6622,,675[0n],,,,No,,,,16-Nov-2021,Myripristis violacea,,,,University of the Philippines Mindanao,
MINDA,MINDA201-23,FDP_IGCS_2111_012A,FDP_IGCS_2111_012A,BOLD:AAB9564,,675[0n],,,,No,,,,16-Nov-2021,Cantherhines pardalis,,,,University of the Philippines Mindanao,
MINDA,MINDA202-23,FDP_IGCS_2111_013A,FDP_IGCS_2111_013A,BOLD:AAC9675,,675[0n],,,,No,,,,16-Nov-2021,Variola albimarginata,,,,University of the Philippines Mindanao,
MINDA,MINDA203-23,FDP_IGCS_2111_013C,FDP_IGCS_2111_013C,BOLD:AAC9675,,675[0n],,,,No,,,,16-Nov-2021,Variola albimarginata,,,,University of the Philippines Mindanao,
MINDA,MINDA204-23,FDP_IGCS_2111_014A,FDP_IGCS_2111_014A,BOLD:AAC8327,,675[0n],,,,No,,,,16-Nov-2021,Anyperodon leucogrammicus,,,,University of the Philippines Mindanao,
MINDA,MINDA205-23,FDP_IGCS_2111_014B,FDP_IGCS_2111_014B,BOLD:AAC8327,,675[0n],,,,No,,,,16-Nov-2021,Anyperodon leucogrammicus,,,,University of the Philippines Mindanao,
MINDA,MINDA206-23,FDP_IGCS_2111_015A,FDP_IGCS_2111_015A,BOLD:AAC9922,,675[0n],,,,No,,,,16-Nov-2021,Diploprion bifasciatum,,,,University of the Philippines Mindanao,
MINDA,MINDA207-23,FDP_IGCS_2111_016A,FDP_IGCS_2111_016A,BOLD:AAF0629,,675[0n],,,,No,,,,16-Nov-2021,Cephalopholis microprion,,,,University of the Philippines Mindanao,
MINDA,MINDA208-23,FDP_IGCS_2111_017A,FDP_IGCS_2111_017A,BOLD:AAC2802,,675[0n],,,,No,,,,16-Nov-2021,Epinephelus ongus,,,,University of the Philippines Mindanao,
MINDA,MINDA209-23,FDP_IGCS_2111_018A,FDP_IGCS_2111_018A,BOLD:AAB5979,,675[0n],,,,No,,,,16-Nov-2021,Parupeneus barberinus,,,,University of the Philippines Mindanao,
MINDA,MINDA210-23,FDP_IGCS_2111_019A,FDP_IGCS_2111_019A,BOLD:AAI0755,,675[0n],,,,No,,,,16-Nov-2021,Scolopsis margaritifera,,,,University of the Philippines Mindanao,
MINDA,MINDA211-23,FDP_IGCS_2111_019C,FDP_IGCS_2111_019C,BOLD:AAI0755,,675[0n],,,,No,,,,16-Nov-2021,Scolopsis margaritifera,,,,University of the Philippines Mindanao,
MINDA,MINDA212-23,FDP_IGCS_2111_020A,FDP_IGCS_2111_020A,BOLD:AAD9299,,675[0n],,,,No,,,,16-Nov-2021,Siganus vulpinus,,,,University of the Philippines Mindanao,
MINDA,MINDA213-23,FDP_IGCS_2111_020B,FDP_IGCS_2111_020B,BOLD:AAD9299,,675[0n],,,,No,,,,16-Nov-2021,Siganus vulpinus,,,,University of the Philippines Mindanao,
MINDA,MINDA214-23,FDP_IGCS_2111_021A,FDP_IGCS_2111_021A,BOLD:ACK8109,,675[0n],,,,No,,,,16-Nov-2021,Abudefduf vaigiensis,,,,University of the Philippines Mindanao,
MINDA,MINDA215-23,FDP_IGCS_2111_021B,FDP_IGCS_2111_021B,BOLD:ACK8109,,675[0n],,,,No,,,,16-Nov-2021,Abudefduf vaigiensis,,,,University of the Philippines Mindanao,
MINDA,MINDA216-23,FDP_IGCS_2111_022A,FDP_IGCS_2111_022A,BOLD:AAD7038,,675[0n],,,,No,,,,16-Nov-2021,Scarus dimidiatus,,,,University of the Philippines Mindanao,
MINDA,MINDA217-23,FDP_IGCS_2111_022B,FDP_IGCS_2111_022B,BOLD:AAD7038,,675[0n],,,,No,,,,16-Nov-2021,Scarus dimidiatus,,,,University of the Philippines Mindanao,
MINDA,MINDA218-23,FDP_IGCS_2111_023A,FDP_IGCS_2111_023A,BOLD:AAD1868,,675[0n],,,,No,,,,16-Nov-2021,Nemipterus zysron,,,,University of the Philippines Mindanao,
MINDA,MINDA219-23,FDP_IGCS_2111_023B,FDP_IGCS_2111_023B,BOLD:AAU0855,,675[0n],,,,No,,,,16-Nov-2021,Nemipterus peronii,,,,University of the Philippines Mindanao,
MINDA,MINDA220-23,FDP_IGCS_2111_024A,FDP_IGCS_2111_024A,BOLD:ACK7853,,675[0n],,,,No,,,,16-Nov-2021,Heniochus varius,,,,University of the Philippines Mindanao,
MINDA,MINDA221-23,FDP_IGCS_2111_025A,FDP_IGCS_2111_025A,BOLD:AAF3587,,675[0n],,,,No,,,,16-Nov-2021,Choerodon zosterophorus,,,,University of the Philippines Mindanao,
MINDA,MINDA222-23,FDP_IGCS_2111_027A,FDP_IGCS_2111_027A,BOLD:AAC8042,,675[0n],,,,No,,,,16-Nov-2021,Naso unicornis,,,,University of the Philippines Mindanao,
MINDA,MINDA223-23,FDP_IGCS_2112_001A,FDP_IGCS_2112_001A,BOLD:AAD1433,,675[0n],,,,No,,,,22-Dec-2021,Parupeneus cyclostomus,,,,University of the Philippines Mindanao,
MINDA,MINDA224-23,FDP_IGCS_2201_001A,FDP_IGCS_2201_001A,BOLD:AAF9624,,675[0n],,,,No,,,,22-Jan-2022,Myripristis hexagona,,,,University of the Philippines Mindanao,
MINDA,MINDA225-23,FDP_IGCS_2201_001C,FDP_IGCS_2201_001C,BOLD:AAF9624,,675[0n],,,,No,,,,22-Jan-2022,Myripristis hexagona,,,,University of the Philippines Mindanao,
MINDA,MINDA226-23,FDP_IGCS_2201_002A,FDP_IGCS_2201_002A,BOLD:AEZ5902,,675[0n],,,,No,,,,22-Jan-2022,Sargocentron spiniferum,,,,University of the Philippines Mindanao,
MINDA,MINDA227-23,FDP_IGCS_2201_003A,FDP_IGCS_2201_003A,BOLD:AFF7709,,675[0n],,,,No,,,,22-Jan-2022,Chaetodon oxycephalus,,,,University of the Philippines Mindanao,
MINDA,MINDA228-23,FDP_IGCS_2201_004A,FDP_IGCS_2201_004A,BOLD:ACK7853,,675[0n],,,,No,,,,22-Jan-2022,Heniochus varius,,,,University of the Philippines Mindanao,
MINDA,MINDA229-23,FDP_IGCS_2201_005A,FDP_IGCS_2201_005A,BOLD:AAB9167,,675[0n],,,,No,,,,22-Jan-2022,Ctenochaetus striatus,,,,University of the Philippines Mindanao,
MINDA,MINDA230-23,FDP_IGCS_2201_007A,FDP_IGCS_2201_007A,BOLD:AAI0755,,675[0n],,,,No,,,,22-Jan-2022,Scolopsis margaritifera,,,,University of the Philippines Mindanao,
MINDA,MINDA231-23,FDP_IGCS_2201_009A,FDP_IGCS_2201_009A,BOLD:ABY6809,,675[0n],,,,No,,,,22-Jan-2022,Pterocaesio pisang,,,,University of the Philippines Mindanao,
MINDA,MINDA232-23,FDP_IGCS_2201_009B,FDP_IGCS_2201_009B,BOLD:ABY6809,,675[0n],,,,No,,,,22-Jan-2022,Pterocaesio pisang,,,,University of the Philippines Mindanao,
MINDA,MINDA233-23,FDP_IGCS_2201_010A,FDP_IGCS_2201_010A,BOLD:AAD1988,,675[0n],,,,No,,,,22-Jan-2022,Caesio cuning,,,,University of the Philippines Mindanao,
MINDA,MINDA234-23,FDP_IGCS_2201_011A,FDP_IGCS_2201_011A,BOLD:AAA9666,,675[0n],,,,No,,,,22-Jan-2022,Rastrelliger kanagurta,,,,University of the Philippines Mindanao,
MINDA,MINDA235-23,FDP_IGCS_2201_011B,FDP_IGCS_2201_011B,BOLD:AAA9666,,675[1n],,,,No,,,,22-Jan-2022,Rastrelliger kanagurta,,,,University of the Philippines Mindanao,
MINDA,MINDA236-23,FDP_IGCS_2201_013A,FDP_IGCS_2201_013A,BOLD:AAB9327,,675[0n],,,,No,,,,22-Jan-2022,Upeneus tragula,,,,University of the Philippines Mindanao,
MINDA,MINDA237-23,FDP_IGCS_2201_013B,FDP_IGCS_2201_013B,BOLD:AAB9327,,675[0n],,,,No,,,,22-Jan-2022,Upeneus tragula,,,,University of the Philippines Mindanao,
MINDA,MINDA238-23,FDP_IGCS_2201_014A,FDP_IGCS_2201_014A,BOLD:AAC5863,,675[0n],,,,No,,,,22-Jan-2022,Halichoeres chloropterus,,,,University of the Philippines Mindanao,
MINDA,MINDA239-23,FDP_IGCS_2201_015A,FDP_IGCS_2201_015A,BOLD:AAB7821,,675[0n],,,,No,,,,22-Jan-2022,Cheilinus fasciatus,,,,University of the Philippines Mindanao,
MINDA,MINDA240-23,FDP_IGCS_2201_016B,FDP_IGCS_2201_016B,BOLD:ACU5795,,675[0n],,,,No,,,,22-Jan-2022,Epibulus brevis,,,,University of the Philippines Mindanao,
MINDA,MINDA241-23,FDP_IGCS_2201_016C,FDP_IGCS_2201_016C,BOLD:ACU5795,,675[0n],,,,No,,,,22-Jan-2022,Epibulus brevis,,,,University of the Philippines Mindanao,
MINDA,MINDA242-23,FDP_IGCS_2201_017A,FDP_IGCS_2201_017A,BOLD:AAB7189,,675[0n],,,,No,,,,22-Jan-2022,Salarias fasciatus,,,,University of the Philippines Mindanao,
MINDA,MINDA243-23,FDP_IGCS_2201_017B,FDP_IGCS_2201_017B,BOLD:AAB7189,,675[0n],,,,No,,,,22-Jan-2022,Salarias fasciatus,,,,University of the Philippines Mindanao,
MINDA,MINDA244-23,FDP_IGCS_2201_019A,FDP_IGCS_2201_019A,BOLD:ADI4703,,675[0n],,,,No,,,,22-Jan-2022,Calotomus carolinus,,,,University of the Philippines Mindanao,
MINDA,MINDA245-23,FDP_IGCS_2201_019B,FDP_IGCS_2201_019B,BOLD:AAD4765,,675[0n],,,,No,,,,22-Jan-2022,Calotomus spinidens,,,,University of the Philippines Mindanao,
MINDA,MINDA246-23,FDP_IGCS_2202_001A,FDP_IGCS_2202_001A,BOLD:AAH7943,,675[0n],,,,No,,,,02-Apr-2022,Pterocaesio tessellata,,,,University of the Philippines Mindanao,
MINDA,MINDA247-23,FDP_IGCS_2202_001B,FDP_IGCS_2202_001B,BOLD:AAH7943,,675[0n],,,,No,,,,02-Apr-2022,Pterocaesio tessellata,,,,University of the Philippines Mindanao,
MINDA,MINDA248-23,FDP_IGCS_2202_002A,FDP_IGCS_2202_002A,BOLD:AAH7943,,675[0n],,,,No,,,,02-Apr-2022,Pterocaesio tessellata,,,,University of the Philippines Mindanao,
MINDA,MINDA249-23,FDP_IGCS_2202_004A,FDP_IGCS_2202_004A,BOLD:AAB9327,,675[0n],,,,No,,,,02-Apr-2022,Upeneus tragula,,,,University of the Philippines Mindanao,
MINDA,MINDA250-23,FDP_IGCS_2202_008A,FDP_IGCS_2202_008A,BOLD:AAA6101,,675[0n],,,,No,,,,02-Apr-2022,Cheilio inermis,,,,University of the Philippines Mindanao,
MINDA,MINDA251-23,FDP_IGCS_2202_009A,FDP_IGCS_2202_009A,BOLD:AAJ6676,,675[0n],,,,No,,,,02-Apr-2022,Siganus puellus,,,,University of the Philippines Mindanao,
MINDA,MINDA252-23,FDP_IGCS_2202_010A,FDP_IGCS_2202_010A,BOLD:AAC8755,,675[0n],,,,No,,,,02-Apr-2022,Siganus corallinus,,,,University of the Philippines Mindanao,
MINDA,MINDA253-23,FDP_IGCS_2202_011A,FDP_IGCS_2202_011A,BOLD:AAB3544,,675[0n],,,,No,,,,02-Apr-2022,Scarus ghobban,,,,University of the Philippines Mindanao,
MINDA,MINDA254-23,FDP_IGCS_2202_012A,FDP_IGCS_2202_012A,BOLD:AAD7038,,675[0n],,,,No,,,,02-Apr-2022,Scarus dimidiatus,,,,University of the Philippines Mindanao,
MINDA,MINDA255-23,FDP_IGCS_2202_014A,FDP_IGCS_2202_014A,BOLD:ADL0078,,675[0n],,,,No,,,,02-Apr-2022,Cephalopholis spiloparaea,,,,University of the Philippines Mindanao,
MINDA,MINDA256-23,FDP_IGCS_2202_016A,FDP_IGCS_2202_016A,BOLD:AAE4051,,675[0n],,,,No,,,,02-Apr-2022,Cephalopholis sexmaculata,,,,University of the Philippines Mindanao,
MINDA,MINDA257-23,FDP_IGCS_2202_016B,FDP_IGCS_2202_016B,BOLD:AAE4051,,675[0n],,,,No,,,,02-Apr-2022,Cephalopholis sexmaculata,,,,University of the Philippines Mindanao,
MINDA,MINDA258-23,FDP_IGCS_2202_019A,FDP_IGCS_2202_019A,BOLD:ACU5795,,675[0n],,,,No,,,,02-Apr-2022,Epibulus brevis,,,,University of the Philippines Mindanao,
MINDA,MINDA259-23,FDP_IGCS_2202_020A,FDP_IGCS_2202_020A,BOLD:AAD0081,,675[0n],,,,No,,,,02-Apr-2022,Aluterus scriptus,,,,University of the Philippines Mindanao,
MINDA,MINDA260-23,FDP_IGCS_2202_021A,FDP_IGCS_2202_021A,BOLD:AAI0481,,675[0n],,,,No,,,,18-Feb-2022,Toxotes jaculatrix,,,,University of the Philippines Mindanao,
MINDA,MINDA261-23,FDP_IGCS_2202_021B,FDP_IGCS_2202_021B,BOLD:AAI0481,,675[0n],,,,No,,,,18-Feb-2022,Toxotes jaculatrix,,,,University of the Philippines Mindanao,
MINDA,MINDA262-23,FDP_IGCS_2202_022A,FDP_IGCS_2202_022A,BOLD:AAC9669,,675[0n],,,,No,,,,18-Feb-2022,Canthidermis maculata,,,,University of the Philippines Mindanao,
MINDA,MINDA263-23,FDP_IGCS_2202_022B,FDP_IGCS_2202_022B,BOLD:AAC9669,,675[0n],,,,No,,,,18-Feb-2022,Canthidermis maculata,,,,University of the Philippines Mindanao,
MINDA,MINDA264-23,FDP_IGCS_2202_023A,FDP_IGCS_2202_023A,BOLD:AAB9722,,675[0n],,,,No,,,,18-Feb-2022,Scolopsis affinis,,,,University of the Philippines Mindanao,
MINDA,MINDA265-23,FDP_IGCS_2202_028A,FDP_IGCS_2202_028A,BOLD:AAB5264,,628[0n],,,,No,,,,18-Feb-2022,Hemigymnus melapterus,,,,University of the Philippines Mindanao,
MINDA,MINDA266-23,FDP_IGCS_2202_031A,FDP_IGCS_2202_031A,BOLD:AAD0896,,675[0n],,,,No,,,,18-Feb-2022,Leptoscarus vaigiensis,,,,University of the Philippines Mindanao,
MINDA,MINDA267-23,FDP_IGCS_2202_032A,FDP_IGCS_2202_032A,BOLD:AAJ5778,,613[0n],,,,No,,,,18-Feb-2022,Scorpaenopsis oxycephala,,,,University of the Philippines Mindanao,
MINDA,MINDA268-23,FDP_IGCS_2202_035A,FDP_IGCS_2202_035A,BOLD:AAD3763,,675[0n],,,,No,,,,18-Feb-2022,Dischistodus pseudochrysopoecilus,,,,University of the Philippines Mindanao,
MINDA,MINDA269-23,FDP_IGCS_2202_035B,FDP_IGCS_2202_035B,BOLD:AAD3763,,675[0n],,,,No,,,,18-Feb-2022,Dischistodus pseudochrysopoecilus,,,,University of the Philippines Mindanao,
MINDA,MINDA270-23,FDP_IGCS_2202_036A,FDP_IGCS_2202_036A,BOLD:AAB3789,,675[0n],,,,No,,,,18-Feb-2022,Zebrasoma velifer,,,,University of the Philippines Mindanao,
MINDA,MINDA271-23,FDP_IGCS_2202_037A,FDP_IGCS_2202_037A,BOLD:AAB9166,,675[0n],,,,No,,,,18-Feb-2022,Ctenochaetus binotatus,,,,University of the Philippines Mindanao,
MINDA,MINDA272-23,FDP_IGCS_2202_038A,FDP_IGCS_2202_038A,BOLD:AAC0639,,675[0n],,,,No,,,,18-Feb-2022,Oxycheilinus digramma,,,,University of the Philippines Mindanao,
MINDA,MINDA273-23,FDP_IGCS_2202_039A,FDP_IGCS_2202_039A,BOLD:AAB9379,,675[0n],,,,No,,,,18-Feb-2022,Halichoeres melanurus,,,,University of the Philippines Mindanao,
MINDA,MINDA274-23,FDP_IGCS_2202_041A,FDP_IGCS_2202_041A,BOLD:AAO1670,,675[0n],,,,No,,,,18-Feb-2022,Planiliza melinoptera,,,,University of the Philippines Mindanao,
MINDA,MINDA275-23,FDP_IGCS_2202_042A,FDP_IGCS_2202_042A,BOLD:AAE4532,,675[0n],,,,No,,,,18-Feb-2022,Platax pinnatus,,,,University of the Philippines Mindanao,
MINDA,MINDA276-23,FDP_IGCS_2202_043A,FDP_IGCS_2202_043A,BOLD:AAF3014,,675[0n],,,,No,,,,18-Feb-2022,Plectorhinchus polytaenia,,,,University of the Philippines Mindanao,
MINDA,MINDA277-23,FDP_IGCS_2202_043B,FDP_IGCS_2202_043B,BOLD:AAF3014,,675[0n],,,,No,,,,18-Feb-2022,Plectorhinchus polytaenia,,,,University of the Philippines Mindanao,
MINDA,MINDA278-23,FDP_IGCS_2202_044A,FDP_IGCS_2202_044A,BOLD:AAE2795,,675[0n],,,,No,,,,18-Feb-2022,Plectorhinchus vittatus,,,,University of the Philippines Mindanao,
MINDA,MINDA279-23,FDP_IGCS_2202_046A,FDP_IGCS_2202_046A,BOLD:AAD9265,,618[0n],,,,No,,,,14-Feb-2022,Chaetodon baronessa,,,,University of the Philippines Mindanao,
MINDA,MINDA280-23,FDP_IGCS_2202_046B,FDP_IGCS_2202_046B,BOLD:AAD9265,,675[0n],,,,No,,,,14-Feb-2022,Chaetodon baronessa,,,,University of the Philippines Mindanao,
MINDA,MINDA281-23,FDP_IGCS_2202_046C,FDP_IGCS_2202_046C,BOLD:AAD9265,,675[0n],,,,No,,,,14-Feb-2022,Chaetodon baronessa,,,,University of the Philippines Mindanao,
MINDA,MINDA282-23,FDP_IGCS_2202_047A,FDP_IGCS_2202_047A,BOLD:AAC2841,,675[0n],,,,No,,,,14-Feb-2022,Chaetodon kleinii,,,,University of the Philippines Mindanao,
MINDA,MINDA283-23,FDP_IGCS_2202_047B,FDP_IGCS_2202_047B,BOLD:AAC2841,,675[0n],,,,No,,,,14-Feb-2022,Chaetodon kleinii,,,,University of the Philippines Mindanao,
MINDA,MINDA284-23,FDP_IGCS_2202_049A,FDP_IGCS_2202_049A,BOLD:AAB0673,,675[0n],,,,No,,,,14-Feb-2022,Thalassoma lunare,,,,University of the Philippines Mindanao,
MINDA,MINDA285-23,FDP_IGCS_2202_049B,FDP_IGCS_2202_049B,BOLD:AAB0673,,675[0n],,,,No,,,,14-Feb-2022,Thalassoma lunare,,,,University of the Philippines Mindanao,
MINDA,MINDA286-23,FDP_IGCS_2202_049C,FDP_IGCS_2202_049C,BOLD:AAB0673,,675[0n],,,,No,,,,14-Feb-2022,Thalassoma lunare,,,,University of the Philippines Mindanao,
MINDA,MINDA287-23,FDP_IGCS_2202_050A,FDP_IGCS_2202_050A,BOLD:AAF0043,,675[0n],,,,No,,,,14-Feb-2022,Bodianus mesothorax,,,,University of the Philippines Mindanao,
MINDA,MINDA288-23,FDP_MATI_2202_001A,FDP_MATI_2202_001A,BOLD:AAC4976,,675[0n],,,,No,,,,23-Feb-2022,Acanthurus pyroferus,,,,University of the Philippines Mindanao,
MINDA,MINDA289-23,FDP_MATI_2202_002A,FDP_MATI_2202_002A,BOLD:AAF2980,,675[0n],,,,No,,,,23-Feb-2022,Plectorhinchus vittatus,,,,University of the Philippines Mindanao,
MINDA,MINDA290-23,FDP_MATI_2202_003A,FDP_MATI_2202_003A,BOLD:AAC8927,,675[0n],,,,No,,,,23-Feb-2022,Gnathodentex aureolineatus,,,,University of the Philippines Mindanao,
MINDA,MINDA291-23,FDP_MATI_2202_004A,FDP_MATI_2202_004A,BOLD:AAC4648,,675[0n],,,,No,,,,23-Feb-2022,Neoniphon aurolineatus,,,,University of the Philippines Mindanao,
MINDA,MINDA292-23,FDP_MATI_2202_005A,FDP_MATI_2202_005A,BOLD:AAA9765,,675[0n],,,,No,,,,23-Feb-2022,Myripristis berndti,,,,University of the Philippines Mindanao,
MINDA,MINDA293-23,FDP_MATI_2202_006A,FDP_MATI_2202_006A,BOLD:AAB9836,,675[0n],,,,No,,,,23-Feb-2022,Myripristis pralinia,,,,University of the Philippines Mindanao,
MINDA,MINDA294-23,FDP_MATI_2202_007A,FDP_MATI_2202_007A,BOLD:AAF9624,,675[0n],,,,No,,,,23-Feb-2022,Myripristis hexagona,,,,University of the Philippines Mindanao,
MINDA,MINDA295-23,FDP_MATI_2202_008A,FDP_MATI_2202_008A,BOLD:AAB9306,,675[0n],,,,No,,,,23-Feb-2022,Sargocentron rubrum,,,,University of the Philippines Mindanao,
MINDA,MINDA296-23,FDP_MATI_2202_009A,FDP_MATI_2202_009A,BOLD:AAC6765,,675[0n],,,,No,,,,23-Feb-2022,Nemipterus bathybius,,,,University of the Philippines Mindanao,
MINDA,MINDA297-23,FDP_MATI_2202_010A,FDP_MATI_2202_010A,BOLD:AAB9721,,675[0n],,,,No,,,,23-Feb-2022,Pristipomoides multidens,,,,University of the Philippines Mindanao,
MINDA,MINDA298-23,FDP_MATI_2202_011A,FDP_MATI_2202_011A,BOLD:AAC6461,,675[0n],,,,No,,,,23-Feb-2022,Siganus argenteus,,,,University of the Philippines Mindanao,
MINDA,MINDA299-23,FDP_MATI_2202_012A,FDP_MATI_2202_012A,BOLD:AAB2341,,675[0n],,,,No,,,,23-Feb-2022,Siganus punctatus,,,,University of the Philippines Mindanao,
MINDA,MINDA300-23,FDP_MATI_2202_013A,FDP_MATI_2202_013A,BOLD:AAD9299,,675[0n],,,,No,,,,23-Feb-2022,Siganus unimaculatus,,,,University of the Philippines Mindanao,
MINDA,MINDA301-23,FDP_MATI_2202_014A,FDP_MATI_2202_014A,BOLD:ADB4782,,675[0n],,,,No,,,,23-Feb-2022,Stethojulis trilineata,,,,University of the Philippines Mindanao,
MINDA,MINDA302-23,FDP_MATI_2202_015A,FDP_MATI_2202_015A,BOLD:AAC0139,,675[0n],,,,No,,,,23-Feb-2022,Halichoeres scapularis,,,,University of the Philippines Mindanao,
MINDA,MINDA303-23,FDP_MATI_2202_016A,FDP_MATI_2202_016A,BOLD:AAD4765,,675[0n],,,,No,,,,23-Feb-2022,Calotomus spinidens,,,,University of the Philippines Mindanao,
MINDA,MINDA304-23,FDP_MATI_2202_017A,FDP_MATI_2202_017A,BOLD:AAC3830,,675[0n],,,,No,,,,23-Feb-2022,Halichoeres marginatus,,,,University of the Philippines Mindanao,
MINDA,MINDA305-23,FDP_MATI_2202_018A,FDP_MATI_2202_018A,BOLD:AAU2638,,675[0n],,,,No,,,,23-Feb-2022,Oxycheilinus orientalis,,,,University of the Philippines Mindanao,
MINDA,MINDA306-23,FDP_MATI_2202_019A,FDP_MATI_2202_019A,BOLD:AAB5804,,675[0n],,,,No,,,,23-Feb-2022,Odonus niger,,,,University of the Philippines Mindanao,
MINDA,MINDA307-23,FDP_MATI_2202_020A,FDP_MATI_2202_020A,BOLD:AAC3194,,675[0n],,,,No,,,,23-Feb-2022,Pygoplites diacanthus,,,,University of the Philippines Mindanao,
MINDA,MINDA308-23,FDP_MATI_2202_021A,FDP_MATI_2202_021A,BOLD:ACK7853,,675[0n],,,,No,,,,23-Feb-2022,Heniochus varius,,,,University of the Philippines Mindanao,
MINDA,MINDA309-23,FDP_MATI_2202_022A,FDP_MATI_2202_022A,BOLD:AFF7709,,675[0n],,,,No,,,,23-Feb-2022,Chaetodon oxycephalus,,,,University of the Philippines Mindanao,
MINDA,MINDA310-23,FDP_MATI_2202_023A,FDP_MATI_2202_023A,BOLD:AAI9398,,675[0n],,,,No,,,,23-Feb-2022,Coradion chrysozonus,,,,University of the Philippines Mindanao,
MINDA,MINDA311-23,FDP_MATI_2202_024A,FDP_MATI_2202_024A,BOLD:AAC2123,,675[0n],,,,No,,,,23-Feb-2022,Heniochus chrysostomus,,,,University of the Philippines Mindanao,
MINDA,MINDA312-23,FDP_MATI_2202_025A,FDP_MATI_2202_025A,BOLD:AAB7877,,675[0n],,,,No,,,,23-Feb-2022,Cheilodipterus macrodon,,,,University of the Philippines Mindanao,
MINDA,MINDA313-23,FDP_MATI_2202_026A,FDP_MATI_2202_026A,BOLD:AAE3751,,675[0n],,,,No,,,,23-Feb-2022,Lethrinus erythropterus,,,,University of the Philippines Mindanao,
MINDA,MINDA314-23,FDP_MATI_2202_027A,FDP_MATI_2202_027A,BOLD:AAE4743,,675[0n],,,,No,,,,23-Feb-2022,Pinjalo lewisi,,,,University of the Philippines Mindanao,
MINDA,MINDA315-23,FDP_SGES_2112_001A,FDP_SGES_2112_001A,BOLD:AAB3862,,666[0n],,,,No,,,,08-Feb-2022,Parupeneus multifasciatus,,,,University of the Philippines Mindanao,
MINDA,MINDA316-23,FDP_SGES_2112_001D,FDP_SGES_2112_001D,BOLD:AAB3862,,675[0n],,,,No,,,,08-Feb-2022,Parupeneus multifasciatus,,,,University of the Philippines Mindanao,
MINDA,MINDA317-23,FDP_SGES_2112_001F,FDP_SGES_2112_001F,BOLD:AAB3862,,675[0n],,,,No,,,,08-Feb-2022,Parupeneus multifasciatus,,,,University of the Philippines Mindanao,
MINDA,MINDA318-23,FDP_SGES_2112_002A,FDP_SGES_2112_002A,BOLD:AAB2592,,567[0n],,,,No,,,,08-Feb-2022,Mulloidichthys flavolineatus,,,,University of the Philippines Mindanao,
MINDA,MINDA319-23,FDP_SGES_2112_003B,FDP_SGES_2112_003B,BOLD:AAB5979,,675[0n],,,,No,,,,08-Feb-2022,Parupeneus barberinus,,,,University of the Philippines Mindanao,
MINDA,MINDA320-23,FDP_SGES_2112_004A,FDP_SGES_2112_004A,BOLD:AAC6212,,675[0n],,,,No,,,,08-Feb-2022,Parupeneus barberinoides,,,,University of the Philippines Mindanao,
MINDA,MINDA321-23,FDP_SGES_2112_006A,FDP_SGES_2112_006A,BOLD:AAD9032,,570[0n],,,,No,,,,08-Feb-2022,Cephalopholis leopardus,,,,University of the Philippines Mindanao,
MINDA,MINDA322-23,FDP_SGES_2112_007A,FDP_SGES_2112_007A,BOLD:AAB1332,,675[0n],,,,No,,,,08-Feb-2022,Epinephelus fasciatus,,,,University of the Philippines Mindanao,
MINDA,MINDA323-23,FDP_SGES_2112_008A,FDP_SGES_2112_008A,BOLD:AAC9675,,641[0n],,,,No,,,,08-Feb-2022,Variola albimarginata,,,,University of the Philippines Mindanao,
MINDA,MINDA324-23,FDP_SGES_2112_009B,FDP_SGES_2112_009B,BOLD:AAD0816,,567[0n],,,,No,,,,08-Feb-2022,Scarus niger,,,,University of the Philippines Mindanao,
MINDA,MINDA325-23,FDP_SGES_2112_010B,FDP_SGES_2112_010B,BOLD:AAD7038,,563[0n],,,,No,,,,08-Feb-2022,Scarus dimidiatus,,,,University of the Philippines Mindanao,
MINDA,MINDA326-23,FDP_SGES_2112_011A,FDP_SGES_2112_011A,BOLD:AAI0686,,675[0n],,,,No,,,,08-Feb-2022,Scarus spinus,,,,University of the Philippines Mindanao,
MINDA,MINDA327-23,FDP_SGES_2112_012A,FDP_SGES_2112_012A,BOLD:ADI4703,,630[0n],,,,No,,,,08-Feb-2022,Calotomus carolinus,,,,University of the Philippines Mindanao,
MINDA,MINDA328-23,FDP_SGES_2112_013A,FDP_SGES_2112_013A,BOLD:ADI4703,,675[0n],,,,No,,,,08-Feb-2022,Calotomus carolinus,,,,University of the Philippines Mindanao,
MINDA,MINDA329-23,FDP_SGES_2112_014A,FDP_SGES_2112_014A,BOLD:AAB4188,,675[0n],,,,No,,,,08-Feb-2022,Cheilinus trilobatus,,,,University of the Philippines Mindanao,
MINDA,MINDA330-23,FDP_SGES_2112_015A,FDP_SGES_2112_015A,BOLD:AAA9700,,572[0n],,,,No,,,,08-Feb-2022,Pelates quadrilineatus,,,,University of the Philippines Mindanao,
MINDA,MINDA331-23,FDP_SGES_2112_016A,FDP_SGES_2112_016A,BOLD:AAC6632,,540[0n],,,,No,,,,08-Feb-2022,Neoniphon sammara,,,,University of the Philippines Mindanao,
MINDA,MINDA332-23,FDP_SGES_2112_017A,FDP_SGES_2112_017A,BOLD:AAB9306,,675[0n],,,,No,,,,08-Feb-2022,Sargocentron rubrum,,,,University of the Philippines Mindanao,
MINDA,MINDA333-23,FDP_SGES_2112_018A,FDP_SGES_2112_018A,BOLD:AAB6466,,578[0n],,,,No,,,,08-Feb-2022,Upeneus sulphureus,,,,University of the Philippines Mindanao,
MINDA,MINDA334-23,FDP_SGES_2112_019A,FDP_SGES_2112_019A,BOLD:AAC9155,,675[0n],,,,No,,,,08-Feb-2022,Bothus pantherinus,,,,University of the Philippines Mindanao,
MINDA,MINDA335-23,FDP_SGES_2112_020A,FDP_SGES_2112_020A,BOLD:ACK4730,,675[0n],,,,No,,,,08-Feb-2022,Elates ransonnettii,,,,University of the Philippines Mindanao,
MINDA,MINDA336-23,FDP_SGES_2112_022A,FDP_SGES_2112_022A,BOLD:AAC1520,,675[0n],,,,No,,,,08-Feb-2022,Lethrinus harak,,,,University of the Philippines Mindanao,
MINDA,MINDA337-23,FDP_SGES_2112_023A,FDP_SGES_2112_023A,BOLD:AAK9232,,675[0n],,,,No,,,,08-Feb-2022,Lethrinus ornatus,,,,University of the Philippines Mindanao,
MINDA,MINDA338-23,FDP_SGES_2112_024A,FDP_SGES_2112_024A,BOLD:ABY5451,,675[0n],,,,No,,,,08-Feb-2022,Lethrinus atkinsoni,,,,University of the Philippines Mindanao,
MINDA,MINDA339-23,FDP_SGES_2112_025A,FDP_SGES_2112_025A,BOLD:ADL1650,,675[0n],,,,No,,,,08-Feb-2022,Gymnocranius griseus,,,,University of the Philippines Mindanao,
MINDA,MINDA340-23,FDP_SGES_2112_026B,FDP_SGES_2112_026B,BOLD:AAD6276,,675[0n],,,,No,,,,08-Feb-2022,Scolopsis lineata,,,,University of the Philippines Mindanao,
MINDA,MINDA341-23,FDP_SGES_2112_026C,FDP_SGES_2112_026C,BOLD:AAD6276,,675[0n],,,,No,,,,08-Feb-2022,Scolopsis lineata,,,,University of the Philippines Mindanao,
MINDA,MINDA342-23,FDP_SGES_2112_027A,FDP_SGES_2112_027A,BOLD:AAB9722,,675[0n],,,,No,,,,08-Feb-2022,Scolopsis affinis,,,,University of the Philippines Mindanao,
MINDA,MINDA343-23,FDP_SGES_2112_027B,FDP_SGES_2112_027B,BOLD:ACE0206,,675[0n],,,,No,,,,08-Feb-2022,Scolopsis affinis,,,,University of the Philippines Mindanao,
MINDA,MINDA344-23,FDP_SGES_2112_028A,FDP_SGES_2112_028A,BOLD:AAC2480,,615[0n],,,,No,,,,08-Feb-2022,Scolopsis bilineata,,,,University of the Philippines Mindanao,
MINDA,MINDA345-23,FDP_SGES_2112_029A,FDP_SGES_2112_029A,BOLD:AAF0532,,675[0n],,,,No,,,,08-Feb-2022,Scolopsis ciliata,,,,University of the Philippines Mindanao,
MINDA,MINDA346-23,FDP_SGES_2112_030A,FDP_SGES_2112_030A,BOLD:AAB2906,,580[0n],,,,No,,,,08-Feb-2022,Lutjanus ehrenbergii,,,,University of the Philippines Mindanao,
MINDA,MINDA347-23,FDP_SGES_2112_030B,FDP_SGES_2112_030B,BOLD:AAB2906,,580[0n],,,,No,,,,08-Feb-2022,Lutjanus ehrenbergii,,,,University of the Philippines Mindanao,
MINDA,MINDA348-23,FDP_SGES_2112_031A,FDP_SGES_2112_031A,BOLD:AAC7623,,579[0n],,,,No,,,,08-Feb-2022,Pristipomoides auricilla,,,,University of the Philippines Mindanao,
MINDA,MINDA349-23,FDP_SGES_2112_032A,FDP_SGES_2112_032A,BOLD:AAA9821,,629[0n],,,,No,,,,08-Feb-2022,Epinephelus areolatus,,,,University of the Philippines Mindanao,
MINDA,MINDA350-23,FDP_SGES_2112_033A,FDP_SGES_2112_033A,BOLD:ACF2262,,567[0n],,,,No,,,,08-Feb-2022,Scatophagus argus,,,,University of the Philippines Mindanao,
MINDA,MINDA351-23,FDP_SGES_2112_034A,FDP_SGES_2112_034A,BOLD:AAA9697,,675[0n],,,,No,,,,08-Feb-2022,Monodactylus argenteus,,,,University of the Philippines Mindanao,
MINDA,MINDA352-23,FDP_SGES_2112_035A,FDP_SGES_2112_035A,BOLD:AFF8295,,580[0n],,,,No,,,,08-Feb-2022,Gerres filamentosus,,,,University of the Philippines Mindanao,
MINDA,MINDA353-23,FDP_SGES_2112_036A,FDP_SGES_2112_036A,BOLD:AAF5833,,639[0n],,,,No,,,,08-Feb-2022,Gerres erythrourus,,,,University of the Philippines Mindanao,
MINDA,MINDA354-23,FDP_SGES_2112_037A,FDP_SGES_2112_037A,BOLD:AAB0585,,582[0n],,,,No,,,,08-Feb-2022,Caranx melampygus,,,,University of the Philippines Mindanao,
MINDA,MINDA355-23,FDP_SGES_2112_037B,FDP_SGES_2112_037B,BOLD:AAB0585,,631[0n],,,,No,,,,08-Feb-2022,Caranx melampygus,,,,University of the Philippines Mindanao,
MINDA,MINDA356-23,FDP_SGES_2112_037D,FDP_SGES_2112_037D,BOLD:AAB0585,,618[0n],,,,No,,,,08-Feb-2022,Caranx melampygus,,,,University of the Philippines Mindanao,
MINDA,MINDA357-23,FDP_SGES_2112_037E,FDP_SGES_2112_037E,BOLD:AAB0585,,611[0n],,,,No,,,,08-Feb-2022,Caranx melampygus,,,,University of the Philippines Mindanao,
MINDA,MINDA358-23,FDP_SGES_2112_038A,FDP_SGES_2112_038A,BOLD:AAC1290,,675[0n],,,,No,,,,08-Feb-2022,Gerres oyena,,,,University of the Philippines Mindanao,
MINDA,MINDA359-23,FDP_SGES_2112_038B,FDP_SGES_2112_038B,BOLD:AAC1290,,627[0n],,,,No,,,,08-Feb-2022,Gerres oyena,,,,University of the Philippines Mindanao,
MINDA,MINDA360-23,FDP_SGES_2112_038C,FDP_SGES_2112_038C,BOLD:AAC1290,,675[0n],,,,No,,,,08-Feb-2022,Gerres oyena,,,,University of the Philippines Mindanao,
MINDA,MINDA361-23,FDP_SGES_2112_039A,FDP_SGES_2112_039A,BOLD:AAB9327,,675[0n],,,,No,,,,08-Feb-2022,Upeneus tragula,,,,University of the Philippines Mindanao,
MINDA,MINDA362-23,FDP_SGES_2112_040A,FDP_SGES_2112_040A,BOLD:AAE9661,,675[0n],,,,No,,,,08-Feb-2022,Siganus spinus,,,,University of the Philippines Mindanao,
MINDA,MINDA363-23,FDP_SGES_2112_041B,FDP_SGES_2112_041B,BOLD:AAC6461,,675[0n],,,,No,,,,08-Feb-2022,Siganus argenteus,,,,University of the Philippines Mindanao,
MINDA,MINDA364-23,FDP_SGES_2112_042A,FDP_SGES_2112_042A,BOLD:AAB8846,,675[0n],,,,No,,,,08-Feb-2022,Siganus canaliculatus,,,,University of the Philippines Mindanao,
MINDA,MINDA365-23,FDP_SGES_2112_043A,FDP_SGES_2112_043A,BOLD:ADY9995,,627[0n],,,,No,,,,08-Feb-2022,Lethrinus semicinctus,,,,University of the Philippines Mindanao,
MINDA,MINDA366-23,FDP_SGES_2112_043B,FDP_SGES_2112_043B,BOLD:ADY9995,,576[0n],,,,No,,,,08-Feb-2022,Lethrinus semicinctus,,,,University of the Philippines Mindanao,
MINDA,MINDA367-23,FDP_SGES_2112_044A,FDP_SGES_2112_044A,BOLD:AAB0513,,618[0n],,,,No,,,,08-Feb-2022,Lethrinus microdon,,,,University of the Philippines Mindanao,
MINDA,MINDA368-23,FDP_SGES_2112_045A,FDP_SGES_2112_045A,BOLD:AAB0508,,675[0n],,,,No,,,,08-Feb-2022,Lethrinus lentjan,,,,University of the Philippines Mindanao,
MINDA,MINDA369-23,FDP_STAC_2209_004A,FDP_STAC_2209_004A,BOLD:AAE4025,,663[0n],,,,No,,,,14-Sep-2022,Acanthurus mata,,,,University of the Philippines Mindanao,
MINDA,MINDA370-23,FDP_STAC_2209_005A,FDP_STAC_2209_005A,BOLD:ACH8120,,659[0n],,,,No,,,,14-Sep-2022,Ctenochaetus tominiensis,,,,University of the Philippines Mindanao,
MINDA,MINDA371-23,FDP_STAC_2209_011A,FDP_STAC_2209_011A,BOLD:AFF9123,,666[0n],,,,No,,,,14-Sep-2022,Abudefduf septemfasciatus,,,,University of the Philippines Mindanao,
MINDA,MINDA372-23,FDP_STAC_2209_012A,FDP_STAC_2209_012A,BOLD:AAB2685,,666[0n],,,,No,,,,14-Sep-2022,Dascyllus trimaculatus,,,,University of the Philippines Mindanao,
MINDA,MINDA373-23,FDP_STAC_2209_015A,FDP_STAC_2209_015A,BOLD:ACK7999,,666[0n],,,,No,,,,14-Sep-2022,Upeneus nigromarginatus,,,,University of the Philippines Mindanao,
MINDA,MINDA374-23,FDP_STAC_2209_016A,FDP_STAC_2209_016A,BOLD:AAA8169,,666[0n],,,,No,,,,14-Sep-2022,Lutjanus lutjanus,,,,University of the Philippines Mindanao,
MINDA,MINDA375-23,FDP_STAC_2209_023A,FDP_STAC_2209_023A,BOLD:AAB3425,,666[0n],,,,No,,,,14-Sep-2022,Sargocentron diadema,,,,University of the Philippines Mindanao,
MINDA,MINDA376-23,FDP_STAC_2209_027A,FDP_STAC_2209_027A,BOLD:AAH9422,,638[0n],,,,No,,,,14-Sep-2022,Platax teira,,,,University of the Philippines Mindanao,
MINDA,MINDA377-23,FDP_STAC_2211_004A,FDP_STAC_2211_004A,BOLD:AAD3884,,666[0n],,,,No,,,,25-Nov-2022,Chaetodon rafflesii,,,,University of the Philippines Mindanao,
MINDA,MINDA378-23,FDP_STAC_2211_005A,FDP_STAC_2211_005A,BOLD:ACU7256,,666[0n],,,,No,,,,25-Nov-2022,Acanthochromis polyacanthus,,,,University of the Philippines Mindanao,
MINDA,MINDA379-23,FDP_STAC_2211_006A,FDP_STAC_2211_006A,BOLD:ADA9668,,658[0n],,,,No,,,,25-Nov-2022,Amblyglyphidodon curacao,,,,University of the Philippines Mindanao,
MINDA,MINDA380-23,FDP_STAC_2211_007A,FDP_STAC_2211_007A,BOLD:AAL8218,,660[0n],,,,No,,,,25-Nov-2022,Chromis xanthura,,,,University of the Philippines Mindanao,
MINDA,MINDA381-23,FDP_STAC_2211_008A,FDP_STAC_2211_008A,BOLD:ABZ2019,,666[0n],,,,No,,,,25-Nov-2022,Amphiprion perideraion,,,,University of the Philippines Mindanao,
MINDA,MINDA382-23,FDP_STAC_2211_009A,FDP_STAC_2211_009A,BOLD:AAD2580,,666[0n],,,,No,,,,25-Nov-2022,Centropyge vrolikii,,,,University of the Philippines Mindanao,
MINDA,MINDA383-23,FDP_STAC_2211_010A,FDP_STAC_2211_010A,BOLD:ACU6263,,666[0n],,,,No,,,,25-Nov-2022,Amblyglyphidodon aureus,,,,University of the Philippines Mindanao,
MINDA,MINDA384-23,FDP_STAC_2211_011A,FDP_STAC_2211_011A,BOLD:AAE5290,,666[0n],,,,No,,,,25-Nov-2022,Hemiglyphidodon plagiometopon,,,,University of the Philippines Mindanao,
MINDA,MINDA385-23,FDP_STAC_2211_012A,FDP_STAC_2211_012A,BOLD:AAC7502,,666[0n],,,,No,,,,25-Nov-2022,Coris batuensis,,,,University of the Philippines Mindanao,
MINDA,MINDA386-23,FDP_STAC_2211_019A,FDP_STAC_2211_019A,BOLD:AAN0222,,661[0n],,,,No,,,,25-Nov-2022,Acanthurus auranticavus,,,,University of the Philippines Mindanao,
MINDA,MINDA387-23,FDP_STAC_2211_021A,FDP_STAC_2211_021A,BOLD:AAD0474,,666[0n],,,,No,,,,25-Nov-2022,Pseudobalistes flavimarginatus,,,,University of the Philippines Mindanao,
MINDA,MINDA388-23,FDP_STAC_2211_022A,FDP_STAC_2211_022A,BOLD:ACK7603,,666[0n],,,,No,,,,25-Nov-2022,Pseudomonacanthus macrurus,,,,University of the Philippines Mindanao,
MINDA,MINDA389-23,FDP_STAC_2211_024A,FDP_STAC_2211_024A,BOLD:AAB2685,,666[0n],,,,No,,,,25-Nov-2022,Dascyllus trimaculatus,,,,University of the Philippines Mindanao,
MINDA,MINDA390-23,FDP_STAC_2211_026A,FDP_STAC_2211_026A,BOLD:ACE0347,,666[0n],,,,No,,,,25-Nov-2022,Cheilodipterus macrodon,,,,University of the Philippines Mindanao,
MINDA,MINDA391-23,FDP_STAC_2211_028A,FDP_STAC_2211_028A,BOLD:ACE0426,,666[0n],,,,No,,,,25-Nov-2022,Pempheris vanicolensis,,,,University of the Philippines Mindanao,
MINDA,MINDA392-23,FDP_STAC_2211_029A,FDP_STAC_2211_029A,BOLD:AAB3684,,666[0n],,,,No,,,,25-Nov-2022,Cephalopholis boenak,,,,University of the Philippines Mindanao,
MINDA,MINDA393-23,FDP_STAC_2211_035A,FDP_STAC_2211_035A,BOLD:AAB5069,,666[0n],,,,No,,,,25-Nov-2022,Synodus variegatus,,,,University of the Philippines Mindanao,
MINDA,MINDA394-23,FDP_STAC_2211_036A,FDP_STAC_2211_036A,BOLD:AAE4190,,666[0n],,,,No,,,,25-Nov-2022,Saurida gracilis,,,,University of the Philippines Mindanao,
MINDA,MINDA395-23,FDP_STAC_2211_037A,FDP_STAC_2211_037A,BOLD:ABZ6131,,666[0n],,,,No,,,,25-Nov-2022,Neotrygon kuhlii,,,,University of the Philippines Mindanao,
MINDA,MINDA396-23,FDP_TORL_2206_004A,FDP_TORL_2206_004A,BOLD:AAI5833,,675[0n],,,,No,,,,28-Jun-2022,Parascolopsis inermis,,,,University of the Philippines Mindanao,
MINDA,MINDA397-23,FDP_TORL_2206_005A,FDP_TORL_2206_005A,BOLD:AAU5031,,675[0n],,,,No,,,,28-Jun-2022,Pristipomoides amoenus,,,,University of the Philippines Mindanao,
MINDA,MINDA398-23,FDP_TORL_2206_008A,FDP_TORL_2206_008A,BOLD:ADP2492,,675[0n],,,,No,,,,28-Jun-2022,Nemipterus nematopus,,,,University of the Philippines Mindanao,
MINDA,MINDA399-23,FDP_TORL_2206_009A,FDP_TORL_2206_009A,BOLD:AAF2300,,675[0n],,,,No,,,,28-Jun-2022,Nemipterus hexodon,,,,University of the Philippines Mindanao,
MINDA,MINDA400-23,FDP_TORL_2206_010A,FDP_TORL_2206_010A,BOLD:AAC9513,,675[0n],,,,No,,,,28-Jun-2022,Pristipomoides typus,,,,University of the Philippines Mindanao,
MINDA,MINDA401-23,FDP_TORL_2206_011A,FDP_TORL_2206_011A,BOLD:AAC3367,,675[0n],,,,No,,,,28-Jun-2022,Chlorophthalmus nigromarginatus,,,,University of the Philippines Mindanao,
MINDA,MINDA402-23,FDP_TORL_2206_012A,FDP_TORL_2206_012A,BOLD:AAC1876,,675[0n],,,,No,,,,28-Jun-2022,Chordata,,,,University of the Philippines Mindanao,
MINDA,MINDA403-23,FDP_TORL_2206_013A,FDP_TORL_2206_013A,BOLD:AAD4737,,675[0n],,,,No,,,,28-Jun-2022,Cephalopholis sonnerati,,,,University of the Philippines Mindanao,
MINDA,MINDA404-23,FDP_TORL_2206_014A,FDP_TORL_2206_014A,BOLD:AAN1592,,675[0n],,,,No,,,,28-Jun-2022,Oxycheilinus celebicus,,,,University of the Philippines Mindanao,
MINDA,MINDA405-23,FDP_TORL_2206_015A,FDP_TORL_2206_015A,BOLD:ACR9750,,675[0n],,,,No,,,,28-Jun-2022,Beryx mollis,,,,University of the Philippines Mindanao,
MINDA,MINDA406-23,FDP_TORL_2206_018A,FDP_TORL_2206_018A,BOLD:AAB8121,,675[0n],,,,No,,,,28-Jun-2022,Choerodon anchorago,,,,University of the Philippines Mindanao,
MINDA,MINDA407-23,FDP_TORL_2206_019A,FDP_TORL_2206_019A,BOLD:AAB4531,,675[0n],,,,No,,,,28-Jun-2022,Cheilinus trilobatus,,,,University of the Philippines Mindanao,
MINDA,MINDA408-23,FDP_TORL_2206_025A,FDP_TORL_2206_025A,BOLD:AAC1520,,675[0n],,,,No,,,,28-Jun-2022,Lethrinus harak,,,,University of the Philippines Mindanao,
MINDA,MINDA409-23,FDP_TORL_2206_029A,FDP_TORL_2206_029A,BOLD:AAA9763,,675[0n],,,,No,,,,28-Jun-2022,Myripristis kuntee,,,,University of the Philippines Mindanao,
MINDA,MINDA410-23,FDP_TORL_2206_031A,FDP_TORL_2206_031A,BOLD:AAB3684,,675[0n],,,,No,,,,28-Jun-2022,Cephalopholis boenak,,,,University of the Philippines Mindanao,
MINDA,MINDA411-23,FDP_TORL_2207_001A,FDP_TORL_2207_001A,BOLD:AFF7666,,675[0n],,,,No,,,,29-Jul-2022,Pomadasys maculatus,,,,University of the Philippines Mindanao,
MINDA,MINDA412-23,FDP_TORL_2207_002A,FDP_TORL_2207_002A,BOLD:AAB2488,,675[0n],,,,No,,,,29-Jul-2022,Leiognathus equula,,,,University of the Philippines Mindanao,
MINDA,MINDA413-23,FDP_TORL_2207_003A,FDP_TORL_2207_003A,BOLD:AAD6118,,666[0n],,,,No,,,,29-Jul-2022,Atropus,,,,University of the Philippines Mindanao,
MINDA,MINDA414-23,FDP_TORL_2207_006A,FDP_TORL_2207_006A,BOLD:ACM3827,,666[0n],,,,No,,,,29-Jul-2022,Epinephelus sexfasciatus,,,,University of the Philippines Mindanao,
MINDA,MINDA415-23,FDP_TORL_2207_007A,FDP_TORL_2207_007A,BOLD:AAB7684,,675[0n],,,,No,,,,29-Jul-2022,Lutjanus rivulatus,,,,University of the Philippines Mindanao,
MINDA,MINDA416-23,FDP_TORL_2207_008A,FDP_TORL_2207_008A,BOLD:ADC8274,,675[0n],,,,No,,,,29-Jul-2022,Saurida micropectoralis,,,,University of the Philippines Mindanao,
MINDA,MINDA417-23,FDP_TORL_2209_002A,FDP_TORL_2209_002A,BOLD:AAB8391,,666[0n],,,,No,,,,14-Sep-2022,Epinephelus coioides,,,,University of the Philippines Mindanao,
MINDA,MINDA418-23,MIN_1809_GOVG_005A,MIN_1809_GOVG_005A,BOLD:AAK9252,,618[0n],,,,No,,,,01-Sep-2018,Naso thynnoides,,,,University of the Philippines Mindanao,
MINDA,MINDA419-23,MIN_1908_GOVG_049A,MIN_1908_GOVG_049A,BOLD:AAC0217,,663[0n],,,,No,,,,08-Jan-2019,Cephalopholis cyanostigma,,,,University of the Philippines Mindanao,
MINDA,MINDA420-23,MIN_1811_STAC_049A,MIN_1811_STAC_049A,BOLD:AAB8901,,608[0n],,,,No,,,,15-Nov-2018,Scarus psittacus,,,,University of the Philippines Mindanao,
MINDA,MINDA421-23,MIN_1811_STAC_054A,MIN_1811_STAC_054A,BOLD:AAC7352,,663[0n],,,,No,,,,15-Nov-2018,Lethrinus olivaceus,,,,University of the Philippines Mindanao,
MINDA,MINDA422-23,MIN_1908_STAC_011A,MIN_1908_STAC_011A,BOLD:AAB2592,,635[0n],,,,No,,,,08-Mar-2019,Mulloidichthys flavolineatus,,,,University of the Philippines Mindanao,
MINDA,MINDA423-23,MIN_1811_STAC_058E,MIN_1811_STAC_058E,BOLD:ACH8120,,663[0n],,,,No,,,,15-Nov-2018,Ctenochaetus tominiensis,,,,University of the Philippines Mindanao,
MINDA,MINDA424-23,MIN_1811_STAC_059A,MIN_1811_STAC_059A,BOLD:AAB9167,,663[0n],,,,No,,,,15-Nov-2018,Ctenochaetus striatus,,,,University of the Philippines Mindanao,
MINDA,MINDA425-23,MIN_1811_STAC_060A,MIN_1811_STAC_060A,BOLD:AAC4976,,663[0n],,,,No,,,,15-Nov-2018,Acanthurus pyroferus,,,,University of the Philippines Mindanao,
MINDA,MINDA426-23,MIN_1908_STAC_042A,MIN_1908_STAC_042A,BOLD:AAD9168,,621[0n],,,,No,,,,08-Mar-2019,Scorpaenopsis venosa,,,,University of the Philippines Mindanao,
MINDA,MINDA427-23,MIN_1902_GOVG_023A,MIN_1902_GOVG_023A,BOLD:AAE9711,,663[0n],,,,No,,,,17-Feb-2019,Cetoscarus ocellatus,,,,University of the Philippines Mindanao,
MINDA,MINDA428-23,MIN_1902_GOVG_026A,MIN_1902_GOVG_026A,BOLD:AAC3267,,663[0n],,,,No,,,,17-Feb-2019,Monotaxis grandoculis,,,,University of the Philippines Mindanao,
MINDA,MINDA429-23,MIN_1908_GOVG_030A,MIN_1908_GOVG_030A,BOLD:AAE3577,,663[0n],,,,No,,,,08-Jan-2019,Naso hexacanthus,,,,University of the Philippines Mindanao,
MINDA,MINDA430-23,MIN_1908_GOVG_033A,MIN_1908_GOVG_033A,BOLD:AAB8144,,663[0n],,,,No,,,,08-Jan-2019,Hemigymnus fasciatus,,,,University of the Philippines Mindanao,
MINDA,MINDA431-23,MIN_1908_GOVG_035A,MIN_1908_GOVG_035A,BOLD:ACK7987,,663[0n],,,,No,,,,08-Jan-2019,Brotula multibarbata,,,,University of the Philippines Mindanao,
MINDA,MINDA432-23,MIN_1908_GOVG_036A,MIN_1908_GOVG_036A,BOLD:AAD1795,,663[0n],,,,No,,,,08-Jan-2019,Macolor macularis,,,,University of the Philippines Mindanao,
MINDA,MINDA433-23,MIN_1908_GOVG_037A,MIN_1908_GOVG_037A,BOLD:AAF0336,,663[0n],,,,No,,,,08-Jan-2019,Lutjanus decussatus,,,,University of the Philippines Mindanao,
MINDA,MINDA434-23,MIN_1908_GOVG_041A,MIN_1908_GOVG_041A,BOLD:AAB1540,,663[0n],,,,No,,,,08-Jan-2019,Chaetodon auriga,,,,University of the Philippines Mindanao,
MINDA,MINDA435-23,MIN_1908_GOVG_042A,MIN_1908_GOVG_042A,BOLD:AAC3194,,663[0n],,,,No,,,,08-Jan-2019,Pygoplites diacanthus,,,,University of the Philippines Mindanao,
MINDA,MINDA436-23,MIN_1908_GOVG_045A,MIN_1908_GOVG_045A,BOLD:AAB0334,,663[0n],,,,No,,,,08-Jan-2019,Parupeneus indicus,,,,University of the Philippines Mindanao,
MINDA,MINDA437-23,MIN_1908_GOVG_047A,MIN_1908_GOVG_047A,BOLD:AAD9032,,663[0n],,,,No,,,,08-Jan-2019,Cephalopholis leopardus,,,,University of the Philippines Mindanao,
MINDA,MINDA438-23,MIN_1908_GOVG_051A,MIN_1908_GOVG_051A,BOLD:AAE6343,,663[0n],,,,No,,,,08-Jan-2019,Pentapodus caninus,,,,University of the Philippines Mindanao,
MINDA,MINDA439-23,MIN_1908_STAC_001A,MIN_1908_STAC_001A,BOLD:AAC6622,,663[0n],,,,No,,,,08-Mar-2019,Myripristis violacea,,,,University of the Philippines Mindanao,
MINDA,MINDA440-23,MIN_1908_STAC_003A,MIN_1908_STAC_003A,BOLD:AAC2809,,663[0n],,,,No,,,,08-Mar-2019,Epinephelus quoyanus,,,,University of the Philippines Mindanao,
MINDA,MINDA441-23,MIN_1908_STAC_004A,MIN_1908_STAC_004A,BOLD:AAC2755,,634[0n],,,,No,,,,08-Mar-2019,Balistapus undulatus,,,,University of the Philippines Mindanao,
MINDA,MINDA442-23,MIN_1910_STAM_035A,MIN_1910_STAM_035A,BOLD:AAB3425,,663[0n],,,,No,,,,10-Apr-2019,Sargocentron diadema,,,,University of the Philippines Mindanao,
MINDA,MINDA443-23,MIN_1908_STAC_007A,MIN_1908_STAC_007A,BOLD:AAB4531,,663[0n],,,,No,,,,08-Mar-2019,Cheilinus trilobatus,,,,University of the Philippines Mindanao,
MINDA,MINDA444-23,MIN_1908_STAC_009A,MIN_1908_STAC_009A,BOLD:AAB0061,,663[0n],,,,No,,,,08-Mar-2019,Thalassoma hardwicke,,,,University of the Philippines Mindanao,
MINDA,MINDA445-23,MIN_1912_TORL_019A,MIN_1912_TORL_019A,BOLD:AAD1868,,663[0n],,,,No,,,,12-Jan-2019,Nemipterus zysron,,,,University of the Philippines Mindanao,
MINDA,MINDA446-23,MIN_1908_STAC_012A,MIN_1908_STAC_012A,BOLD:AAA6101,,663[0n],,,,No,,,,08-Mar-2019,Cheilio inermis,,,,University of the Philippines Mindanao,
MINDA,MINDA447-23,MIN_1908_STAC_015A,MIN_1908_STAC_015A,BOLD:AAB8729,,663[0n],,,,No,,,,08-Mar-2019,Acanthurus nigricauda,,,,University of the Philippines Mindanao,
MINDA,MINDA448-23,MIN_1908_STAC_018A,MIN_1908_STAC_018A,BOLD:ABZ2197,,663[0n],,,,No,,,,08-Mar-2019,Caesio caerulaurea,,,,University of the Philippines Mindanao,
MINDA,MINDA449-23,MIN_1908_STAC_019A,MIN_1908_STAC_019A,BOLD:AAF0629,,621[0n],,,,No,,,,08-Mar-2019,Cephalopholis microprion,,,,University of the Philippines Mindanao,
MINDA,MINDA450-23,MIN_1908_STAC_023A,MIN_1908_STAC_023A,BOLD:AAB5979,,663[0n],,,,No,,,,08-Mar-2019,Parupeneus barberinus,,,,University of the Philippines Mindanao,
MINDA,MINDA451-23,MIN_1908_STAC_036A,MIN_1908_STAC_036A,BOLD:AAB4502,,663[0n],,,,No,,,,08-Mar-2019,Lutjanus fulvus,,,,University of the Philippines Mindanao,
MINDA,MINDA452-23,MIN_1908_STAC_041A,MIN_1908_STAC_041A,BOLD:AAC6496,,663[0n],,,,No,,,,08-Mar-2019,Platax orbicularis,,,,University of the Philippines Mindanao,
MINDA,MINDA453-23,MIN_1912_TORL_021A,MIN_1912_TORL_021A,BOLD:AAB6469,,663[0n],,,,No,,,,12-Jan-2019,Upeneus moluccensis,,,,University of the Philippines Mindanao,
MINDA,MINDA454-23,MIN_1908_STAC_044A,MIN_1908_STAC_044A,BOLD:ACK7703,,663[0n],,,,No,,,,08-Mar-2019,Gymnothorax zonipectis,,,,University of the Philippines Mindanao,
MINDA,MINDA455-23,MIN_1910_STAM_006A,MIN_1910_STAM_006A,BOLD:AAD6276,,663[0n],,,,No,,,,10-Apr-2019,Scolopsis lineata,,,,University of the Philippines Mindanao,
MINDA,MINDA456-23,MIN_1910_STAM_014A,MIN_1910_STAM_014A,BOLD:AAB3259,,663[0n],,,,No,,,,10-Apr-2019,Novaculichthys taeniourus,,,,University of the Philippines Mindanao,
MINDA,MINDA457-23,MIN_1912_TORL_035A,MIN_1912_TORL_035A,BOLD:AAC5895,,663[0n],,,,No,,,,12-Jan-2019,Ostorhinchus doederleini,,,,University of the Philippines Mindanao,
MINDA,MINDA458-23,MIN_1912_TORL_042A,MIN_1912_TORL_042A,BOLD:AFF8295,,663[0n],,,,No,,,,12-Jan-2019,Gerres filamentosus,,,,University of the Philippines Mindanao,
MINDA,MINDA459-23,MIN_1910_STAM_017A,MIN_1910_STAM_017A,BOLD:AAB2685,,663[0n],,,,No,,,,10-Apr-2019,Dascyllus trimaculatus,,,,University of the Philippines Mindanao,
MINDA,MINDA460-23,MIN_1910_STAM_018A,MIN_1910_STAM_018A,BOLD:AAC6972,,663[0n],,,,No,,,,10-Apr-2019,Chromis ternatensis,,,,University of the Philippines Mindanao,
MINDA,MINDA461-23,MIN_1910_STAM_021A,MIN_1910_STAM_021A,BOLD:AAB8846,,663[0n],,,,No,,,,10-Apr-2019,Siganus canaliculatus,,,,University of the Philippines Mindanao,
MINDA,MINDA462-23,MIN_1912_TORL_046B,MIN_1912_TORL_046B,BOLD:AAC9592,,663[0n],,,,No,,,,12-Jan-2019,Rexea prometheoides,,,,University of the Philippines Mindanao,
MINDA,MINDA463-23,MIN_1910_STAM_024A,MIN_1910_STAM_024A,BOLD:AAK9232,,663[0n],,,,No,,,,10-Apr-2019,Lethrinus ornatus,,,,University of the Philippines Mindanao,
MINDA,MINDA464-23,MIN_1910_STAM_028A,MIN_1910_STAM_028A,BOLD:AAA5277,,657[0n],,,,No,,,,10-Apr-2019,Coryphaena hippurus,,,,University of the Philippines Mindanao,
MINDA,MINDA465-23,MIN_1811_STAC_045A,MIN_1811_STAC_045A,BOLD:AAD0850,,663[0n],,,,No,,,,15-Nov-2018,Scarus quoyi,,,,University of the Philippines Mindanao,
MINDA,MINDA466-23,MIN_1811_STAC_057A,MIN_1811_STAC_057A,BOLD:ADL0078,,663[0n],,,,No,,,,15-Nov-2018,Cephalopholis spiloparaea,,,,University of the Philippines Mindanao,
MINDA,MINDA467-23,MIN_1910_STAM_029C,MIN_1910_STAM_029C,BOLD:AAD2228,,663[0n],,,,No,,,,10-Apr-2019,Brama orcini,,,,University of the Philippines Mindanao,
MINDA,MINDA468-23,MIN_1812_STAC_066A,MIN_1812_STAC_066A,BOLD:ACK8401,,663[0n],,,,No,,,,12-Jun-2018,Sargocentron cornutum,,,,University of the Philippines Mindanao,
MINDA,MINDA469-23,MIN_1910_STAM_036A,MIN_1910_STAM_036A,BOLD:AAD3971,,635[0n],,,,No,,,,10-Apr-2019,Sargocentron punctatissimum,,,,University of the Philippines Mindanao,
MINDA,MINDA470-23,MIN_1910_STAM_037A,MIN_1910_STAM_037A,BOLD:AAC5492,,634[0n],,,,No,,,,10-Apr-2019,Gempylus serpens,,,,University of the Philippines Mindanao,
MINDA,MINDA471-23,MIN_1910_STAM_039A,MIN_1910_STAM_039A,BOLD:AAC4148,,663[0n],,,,No,,,,10-Apr-2019,Tylosurus crocodilus,,,,University of the Philippines Mindanao,
MINDA,MINDA472-23,MIN_1912_TORL_001A,MIN_1912_TORL_001A,BOLD:ACK8109,,618[0n],,,,No,,,,12-Jan-2019,Abudefduf vaigiensis,,,,University of the Philippines Mindanao,
MINDA,MINDA473-23,MIN_1912_TORL_003A,MIN_1912_TORL_003A,BOLD:ACK7828,,630[0n],,,,No,,,,12-Jan-2019,Abalistes stellatus,,,,University of the Philippines Mindanao,
MINDA,MINDA474-23,MIN_1912_TORL_004A,MIN_1912_TORL_004A,BOLD:AAD2228,,619[0n],,,,No,,,,12-Jan-2019,Brama dussumieri,,,,University of the Philippines Mindanao,
MINDA,MINDA475-23,MIN_1912_TORL_005A,MIN_1912_TORL_005A,BOLD:AAM4604,,630[0n],,,,No,,,,12-Jan-2019,Pentapodus trivittatus,,,,University of the Philippines Mindanao,
MINDA,MINDA476-23,MIN_1912_TORL_007A,MIN_1912_TORL_007A,BOLD:AAF0532,,634[0n],,,,No,,,,12-Jan-2019,Scolopsis ciliata,,,,University of the Philippines Mindanao,
MINDA,MINDA477-23,MIN_1912_TORL_013A,MIN_1912_TORL_013A,BOLD:ADI3027,,630[0n],,,,No,,,,12-Jan-2019,Zanclus cornutus,,,,University of the Philippines Mindanao,
MINDA,MINDA478-23,MIN_1912_TORL_014A,MIN_1912_TORL_014A,BOLD:AAC2123,,619[0n],,,,No,,,,12-Jan-2019,Heniochus chrysostomus,,,,University of the Philippines Mindanao,
MINDA,MINDA479-23,MIN_1912_TORL_015A,MIN_1912_TORL_015A,BOLD:AAC6765,,663[0n],,,,No,,,,12-Jan-2019,Nemipterus bathybius,,,,University of the Philippines Mindanao,
MINDA,MINDA480-23,MIN_1912_TORL_016A,MIN_1912_TORL_016A,BOLD:ACB4285,,663[0n],,,,No,,,,12-Jan-2019,Nemipterus nematophorus,,,,University of the Philippines Mindanao,
MINDA,MINDA481-23,MIN_1902_GOVG_022A,MIN_1902_GOVG_022A,BOLD:AAJ6092,,663[0n],,,,No,,,,17-Feb-2019,Scarus hypselopterus,,,,University of the Philippines Mindanao,
MINDA,MINDA482-23,MIN_1912_TORL_023B,MIN_1912_TORL_023B,BOLD:AAA9821,,640[0n],,,,No,,,,12-Jan-2019,Epinephelus areolatus,,,,University of the Philippines Mindanao,
MINDA,MINDA483-23,MIN_1912_TORL_026A,MIN_1912_TORL_026A,BOLD:AAL4434,,663[0n],,,,No,,,,12-Jan-2019,Plectropomus oligacanthus,,,,University of the Philippines Mindanao,
MINDA,MINDA484-23,MIN_1912_TORL_027A,MIN_1912_TORL_027A,BOLD:AAB4502,,663[0n],,,,No,,,,12-Jan-2019,Lutjanus fulvus,,,,University of the Philippines Mindanao,
MINDA,MINDA485-23,MIN_1912_TORL_028A,MIN_1912_TORL_028A,BOLD:AAJ8622,,663[0n],,,,No,,,,12-Jan-2019,Caesio lunaris,,,,University of the Philippines Mindanao,
MINDA,MINDA486-23,MIN_1912_TORL_029A,MIN_1912_TORL_029A,BOLD:AAE4190,,663[0n],,,,No,,,,12-Jan-2019,Saurida gracilis,,,,University of the Philippines Mindanao,
MINDA,MINDA487-23,MIN_1912_TORL_031A,MIN_1912_TORL_031A,BOLD:AAC6698,,663[0n],,,,No,,,,12-Jan-2019,Cubiceps pauciradiatus,,,,University of the Philippines Mindanao,
MINDA,MINDA488-23,MIN_1912_TORL_032A,MIN_1912_TORL_032A,BOLD:AAD1235,,614[0n],,,,No,,,,12-Jan-2019,Exyrias puntang,,,,University of the Philippines Mindanao,
MINDA,MINDA489-23,MIN_1910_STAM_015A,MIN_1910_STAM_015A,,,423[0n],,,,No,,,,10-Apr-2019,Epibulus brevis,,,,University of the Philippines Mindanao,
MINDA,MINDA490-23,MIN_1912_TORL_039A,MIN_1912_TORL_039A,BOLD:AAE5290,,663[0n],,,,No,,,,12-Jan-2019,Hemiglyphidodon plagiometopon,,,,University of the Philippines Mindanao,
MINDA,MINDA491-23,MIN_1912_TORL_041A,MIN_1912_TORL_041A,BOLD:AAF4032,,663[0n],,,,No,,,,12-Jan-2019,Siganus javus,,,,University of the Philippines Mindanao,
MINDA,MINDA492-23,MIN_1910_STAM_016A,MIN_1910_STAM_016A,BOLD:AAD3872,,620[0n],,,,No,,,,10-Apr-2019,Chaetodon punctatofasciatus,,,,University of the Philippines Mindanao,
MINDA,MINDA493-23,MIN_1912_TORL_043A,MIN_1912_TORL_043A,BOLD:AAC6244,,663[0n],,,,No,,,,12-Jan-2019,Polydactylus plebeius,,,,University of the Philippines Mindanao,
MINDA,MINDA494-23,MIN_1912_TORL_045A,MIN_1912_TORL_045A,BOLD:AAA9821,,663[0n],,,,No,,,,12-Jan-2019,Epinephelus areolatus,,,,University of the Philippines Mindanao,
MINDA,MINDA495-23,MIN_1912_TORL_048A,MIN_1912_TORL_048A,BOLD:AAD1242,,663[0n],,,,No,,,,12-Jan-2019,Conger cinereus,,,,University of the Philippines Mindanao,
MINDA,MINDA496-23,MIN_2002_MATI_001A,MIN_2002_MATI_001A,BOLD:AAE0701,,663[0n],,,,No,,,,02-Jan-2020,Psenes cyanophrys,,,,University of the Philippines Mindanao,
MINDA,MINDA497-23,DNSC_2018_055A,DNSC_2018_055A,,,666[0n],,,,No,,,,,Pomacentrus reidi,,,,Davao del Norte State College,
MINDA,MINDA498-23,DNSC_2018_055B,DNSC_2018_055B,,,666[0n],,,,No,,,,,Pseudobalistes fuscus,,,,Davao del Norte State College,
